timestamp,source,event_id,username,ip,logon_id
2026-01-13T09:29:42.010138,LSM,21,DESKTOP-VF08ORF\defaultuser0,LOCAL,
2026-01-13T09:29:42.161694,LSM,22,DESKTOP-VF08ORF\defaultuser0,LOCAL,
2026-01-14T04:31:25.611626,LSM,23,DESKTOP-VF08ORF\defaultuser0,,
2026-01-14T04:31:52.183130,LSM,21,DESKTOP-VF08ORF\defaultuser0,LOCAL,
2026-01-14T04:31:52.469835,LSM,22,DESKTOP-VF08ORF\defaultuser0,LOCAL,
2026-01-14T04:49:42.615894,LSM,23,DESKTOP-VF08ORF\defaultuser0,,
2026-01-14T04:50:01.218378,LSM,21,Michael\defaultuser0,LOCAL,
2026-01-14T04:50:01.410540,LSM,22,Michael\defaultuser0,LOCAL,
2026-01-14T05:37:46.645367,Security,4624,SYSTEM,,0x00000000000003e7
2026-01-14T05:37:46.645372,Security,4672,SYSTEM,,0x00000000000003e7
2026-01-14T05:38:12.852236,Security,4624,SYSTEM,,0x00000000000003e7
2026-01-14T05:38:12.852242,Security,4672,SYSTEM,,0x00000000000003e7
2026-01-14T05:43:56.651585,Security,4624,SYSTEM,,0x00000000000003e7
2026-01-14T05:43:56.651590,Security,4672,SYSTEM,,0x00000000000003e7
2026-01-14T05:45:49.141558,Security,4624,SYSTEM,,0x00000000000003e7
2026-01-14T05:45:49.141565,Security,4672,SYSTEM,,0x00000000000003e7
2026-01-14T05:46:02.305317,Security,4624,SYSTEM,,0x00000000000003e7
2026-01-14T05:46:02.305325,Security,4672,SYSTEM,,0x00000000000003e7
2026-01-14T05:46:05.288534,LSM,23,Michael\defaultuser0,,
2026-01-14T05:46:05.339705,Security,4624,SYSTEM,,0x00000000000003e7
2026-01-14T05:46:05.339712,Security,4672,SYSTEM,,0x00000000000003e7
2026-01-14T05:46:58.820843,Security,4624,SYSTEM,,0x00000000000003e7
2026-01-14T05:46:59.017035,Security,4624,UMFD-0,,0x000000000000ce14
2026-01-14T05:46:59.017038,Security,4624,UMFD-1,,0x000000000000ce10
2026-01-14T05:46:59.034544,Security,4624,SYSTEM,,0x00000000000003e7
2026-01-14T05:46:59.034550,Security,4672,SYSTEM,,0x00000000000003e7
2026-01-14T05:46:59.235020,Security,4624,NETWORK SERVICE,,0x00000000000003e4
2026-01-14T05:46:59.235027,Security,4672,NETWORK SERVICE,,0x00000000000003e4
2026-01-14T05:46:59.293949,Security,4624,SYSTEM,,0x00000000000003e7
2026-01-14T05:46:59.293957,Security,4672,SYSTEM,,0x00000000000003e7
2026-01-14T05:46:59.393122,Security,4624,DWM-1,,0x000000000001337e
2026-01-14T05:46:59.393135,Security,4624,DWM-1,,0x00000000000133b3
2026-01-14T05:46:59.393139,Security,4672,DWM-1,,0x000000000001337e
2026-01-14T05:46:59.393141,Security,4672,DWM-1,,0x00000000000133b3
2026-01-14T05:46:59.423988,Security,4624,LOCAL SERVICE,,0x00000000000003e5
2026-01-14T05:46:59.423992,Security,4672,LOCAL SERVICE,,0x00000000000003e5
2026-01-14T05:46:59.553858,Security,4624,SYSTEM,,0x00000000000003e7
2026-01-14T05:46:59.553865,Security,4672,SYSTEM,,0x00000000000003e7
2026-01-14T05:48:30.225212,Security,4624,SYSTEM,,0x00000000000003e7
2026-01-14T05:48:30.431419,Security,4624,UMFD-1,,0x000000000000d1f8
2026-01-14T05:48:30.431658,Security,4624,UMFD-0,,0x000000000000d1d2
2026-01-14T05:48:30.450714,Security,4624,SYSTEM,,0x00000000000003e7
2026-01-14T05:48:30.450720,Security,4672,SYSTEM,,0x00000000000003e7
2026-01-14T05:48:30.830750,Security,4624,NETWORK SERVICE,,0x00000000000003e4
2026-01-14T05:48:30.830755,Security,4672,NETWORK SERVICE,,0x00000000000003e4
2026-01-14T05:48:30.995554,Security,4624,SYSTEM,,0x00000000000003e7
2026-01-14T05:48:30.995560,Security,4672,SYSTEM,,0x00000000000003e7
2026-01-14T05:48:31.344925,Security,4624,DWM-1,,0x0000000000013125
2026-01-14T05:48:31.344948,Security,4624,DWM-1,,0x000000000001313c
2026-01-14T05:48:31.344955,Security,4672,DWM-1,,0x0000000000013125
2026-01-14T05:48:31.344955,Security,4672,DWM-1,,0x000000000001313c
2026-01-14T05:48:31.914175,Security,4624,SYSTEM,,0x00000000000003e7
2026-01-14T05:48:31.914331,Security,4672,SYSTEM,,0x00000000000003e7
2026-01-14T05:48:31.921755,Security,4624,SYSTEM,,0x00000000000003e7
2026-01-14T05:48:31.921761,Security,4672,SYSTEM,,0x00000000000003e7
2026-01-14T05:48:31.945452,Security,4624,LOCAL SERVICE,,0x00000000000003e5
2026-01-14T05:48:31.945457,Security,4672,LOCAL SERVICE,,0x00000000000003e5
2026-01-14T05:48:32.030993,Security,4624,SYSTEM,,0x00000000000003e7
2026-01-14T05:48:32.031015,Security,4672,SYSTEM,,0x00000000000003e7
2026-01-14T05:48:32.315678,Security,4624,SYSTEM,,0x00000000000003e7
2026-01-14T05:48:32.315685,Security,4672,SYSTEM,,0x00000000000003e7
2026-01-14T05:48:32.636238,Security,4624,SYSTEM,,0x00000000000003e7
2026-01-14T05:48:32.636244,Security,4672,SYSTEM,,0x00000000000003e7
2026-01-14T05:48:32.638416,Security,4624,SYSTEM,,0x00000000000003e7
2026-01-14T05:48:32.638592,Security,4672,SYSTEM,,0x00000000000003e7
2026-01-14T05:48:32.649223,Security,4624,SYSTEM,,0x00000000000003e7
2026-01-14T05:48:32.649229,Security,4672,SYSTEM,,0x00000000000003e7
2026-01-14T05:48:32.665754,Security,4624,SYSTEM,,0x00000000000003e7
2026-01-14T05:48:32.665760,Security,4672,SYSTEM,,0x00000000000003e7
2026-01-14T05:48:32.681597,Security,4624,SYSTEM,,0x00000000000003e7
2026-01-14T05:48:32.681602,Security,4672,SYSTEM,,0x00000000000003e7
2026-01-14T05:48:32.989897,Security,4624,SYSTEM,,0x00000000000003e7
2026-01-14T05:48:32.989902,Security,4672,SYSTEM,,0x00000000000003e7
2026-01-14T05:48:33.013128,Security,4624,SYSTEM,,0x00000000000003e7
2026-01-14T05:48:33.013132,Security,4672,SYSTEM,,0x00000000000003e7
2026-01-14T05:48:33.147741,Security,4624,SYSTEM,,0x00000000000003e7
2026-01-14T05:48:33.147749,Security,4672,SYSTEM,,0x00000000000003e7
2026-01-14T05:48:33.559778,Security,4624,SYSTEM,,0x00000000000003e7
2026-01-14T05:48:33.559784,Security,4672,SYSTEM,,0x00000000000003e7
2026-01-14T05:48:33.715746,Security,4624,SYSTEM,,0x00000000000003e7
2026-01-14T05:48:33.715750,Security,4672,SYSTEM,,0x00000000000003e7
2026-01-14T05:48:33.896990,Security,4624,SYSTEM,,0x00000000000003e7
2026-01-14T05:48:33.896996,Security,4672,SYSTEM,,0x00000000000003e7
2026-01-14T05:48:34.031809,Security,4624,SYSTEM,,0x00000000000003e7
2026-01-14T05:48:34.031815,Security,4672,SYSTEM,,0x00000000000003e7
2026-01-14T05:48:34.152313,Security,4624,SYSTEM,,0x00000000000003e7
2026-01-14T05:48:34.152317,Security,4672,SYSTEM,,0x00000000000003e7
2026-01-14T05:48:34.418573,Security,4624,SYSTEM,,0x00000000000003e7
2026-01-14T05:48:34.418581,Security,4672,SYSTEM,,0x00000000000003e7
2026-01-14T05:48:36.243799,Security,4624,SYSTEM,,0x00000000000003e7
2026-01-14T05:48:36.243807,Security,4672,SYSTEM,,0x00000000000003e7
2026-01-14T05:48:36.263428,Security,4624,SYSTEM,,0x00000000000003e7
2026-01-14T05:48:36.263433,Security,4672,SYSTEM,,0x00000000000003e7
2026-01-14T05:48:36.316170,Security,4624,SYSTEM,,0x00000000000003e7
2026-01-14T05:48:36.316174,Security,4672,SYSTEM,,0x00000000000003e7
2026-01-14T05:48:36.320127,Security,4624,SYSTEM,,0x00000000000003e7
2026-01-14T05:48:36.320131,Security,4672,SYSTEM,,0x00000000000003e7
2026-01-14T05:48:36.320210,Security,4624,SYSTEM,,0x00000000000003e7
2026-01-14T05:48:36.320213,Security,4672,SYSTEM,,0x00000000000003e7
2026-01-14T05:48:36.325851,Security,4624,SYSTEM,,0x00000000000003e7
2026-01-14T05:48:36.325859,Security,4672,SYSTEM,,0x00000000000003e7
2026-01-14T05:48:36.513882,Security,4624,SYSTEM,,0x00000000000003e7
2026-01-14T05:48:36.513887,Security,4672,SYSTEM,,0x00000000000003e7
2026-01-14T05:48:37.507351,Security,4624,SYSTEM,,0x00000000000003e7
2026-01-14T05:48:37.507359,Security,4672,SYSTEM,,0x00000000000003e7
2026-01-14T05:48:37.507547,Security,4624,SYSTEM,,0x00000000000003e7
2026-01-14T05:48:37.507553,Security,4672,SYSTEM,,0x00000000000003e7
2026-01-14T05:48:43.919464,Security,4624,SYSTEM,,0x00000000000003e7
2026-01-14T05:48:43.919470,Security,4672,SYSTEM,,0x00000000000003e7
2026-01-14T05:48:50.936533,Security,4624,SYSTEM,,0x00000000000003e7
2026-01-14T05:48:50.936541,Security,4672,SYSTEM,,0x00000000000003e7
2026-01-14T05:48:58.401897,Security,4624,SYSTEM,,0x00000000000003e7
2026-01-14T05:48:58.401901,Security,4672,SYSTEM,,0x00000000000003e7
2026-01-14T05:48:58.943121,Security,4624,SYSTEM,,0x00000000000003e7
2026-01-14T05:48:58.943127,Security,4672,SYSTEM,,0x00000000000003e7
2026-01-14T05:49:03.461058,Security,4624,SYSTEM,,0x00000000000003e7
2026-01-14T05:49:03.461065,Security,4672,SYSTEM,,0x00000000000003e7
2026-01-14T05:49:11.449696,Security,4624,SYSTEM,,0x00000000000003e7
2026-01-14T05:49:11.449699,Security,4672,SYSTEM,,0x00000000000003e7
2026-01-14T05:49:24.359505,Security,4624,SYSTEM,,0x00000000000003e7
2026-01-14T05:49:24.359512,Security,4672,SYSTEM,,0x00000000000003e7
2026-01-14T05:49:39.332731,Security,4624,SYSTEM,,0x00000000000003e7
2026-01-14T05:49:39.332739,Security,4672,SYSTEM,,0x00000000000003e7
2026-01-14T05:50:12.751253,Security,4624,SYSTEM,,0x00000000000003e7
2026-01-14T05:50:12.948538,Security,4624,UMFD-0,,0x000000000000cd2d
2026-01-14T05:50:12.948627,Security,4624,UMFD-1,,0x000000000000cd20
2026-01-14T05:50:12.967125,Security,4624,SYSTEM,,0x00000000000003e7
2026-01-14T05:50:12.967134,Security,4672,SYSTEM,,0x00000000000003e7
2026-01-14T05:50:13.168251,Security,4624,NETWORK SERVICE,,0x00000000000003e4
2026-01-14T05:50:13.168255,Security,4672,NETWORK SERVICE,,0x00000000000003e4
2026-01-14T05:50:13.227144,Security,4624,SYSTEM,,0x00000000000003e7
2026-01-14T05:50:13.227150,Security,4672,SYSTEM,,0x00000000000003e7
2026-01-14T05:50:13.316227,Security,4624,DWM-1,,0x00000000000131b6
2026-01-14T05:50:13.316240,Security,4624,DWM-1,,0x00000000000131e3
2026-01-14T05:50:13.316242,Security,4672,DWM-1,,0x00000000000131b6
2026-01-14T05:50:13.316244,Security,4672,DWM-1,,0x00000000000131e3
2026-01-14T05:50:13.446306,Security,4624,SYSTEM,,0x00000000000003e7
2026-01-14T05:50:13.446314,Security,4672,SYSTEM,,0x00000000000003e7
2026-01-14T05:50:13.458496,Security,4624,LOCAL SERVICE,,0x00000000000003e5
2026-01-14T05:50:13.458500,Security,4672,LOCAL SERVICE,,0x00000000000003e5
2026-01-14T05:50:13.500935,Security,4624,SYSTEM,,0x00000000000003e7
2026-01-14T05:50:13.500940,Security,4672,SYSTEM,,0x00000000000003e7
2026-01-14T05:50:13.677181,Security,4624,SYSTEM,,0x00000000000003e7
2026-01-14T05:50:13.677189,Security,4672,SYSTEM,,0x00000000000003e7
2026-01-14T05:50:13.723192,Security,4624,SYSTEM,,0x00000000000003e7
2026-01-14T05:50:13.723200,Security,4672,SYSTEM,,0x00000000000003e7
2026-01-14T05:50:13.741472,Security,4624,SYSTEM,,0x00000000000003e7
2026-01-14T05:50:13.741478,Security,4672,SYSTEM,,0x00000000000003e7
2026-01-14T05:50:13.861351,Security,4624,SYSTEM,,0x00000000000003e7
2026-01-14T05:50:13.861359,Security,4672,SYSTEM,,0x00000000000003e7
2026-01-14T05:50:13.871626,Security,4624,SYSTEM,,0x00000000000003e7
2026-01-14T05:50:13.871634,Security,4672,SYSTEM,,0x00000000000003e7
2026-01-14T05:50:13.880146,Security,4624,SYSTEM,,0x00000000000003e7
2026-01-14T05:50:13.880154,Security,4672,SYSTEM,,0x00000000000003e7
2026-01-14T05:50:13.901775,Security,4624,SYSTEM,,0x00000000000003e7
2026-01-14T05:50:13.901781,Security,4672,SYSTEM,,0x00000000000003e7
2026-01-14T05:50:14.010227,Security,4624,SYSTEM,,0x00000000000003e7
2026-01-14T05:50:14.010231,Security,4672,SYSTEM,,0x00000000000003e7
2026-01-14T05:50:14.031580,Security,4624,SYSTEM,,0x00000000000003e7
2026-01-14T05:50:14.031586,Security,4672,SYSTEM,,0x00000000000003e7
2026-01-14T05:50:14.114269,Security,4624,SYSTEM,,0x00000000000003e7
2026-01-14T05:50:14.114277,Security,4672,SYSTEM,,0x00000000000003e7
2026-01-14T05:50:14.499954,Security,4624,SYSTEM,,0x00000000000003e7
2026-01-14T05:50:14.499960,Security,4672,SYSTEM,,0x00000000000003e7
2026-01-14T05:50:14.864777,Security,4624,SYSTEM,,0x00000000000003e7
2026-01-14T05:50:14.864782,Security,4672,SYSTEM,,0x00000000000003e7
2026-01-14T05:50:15.071598,Security,4624,SYSTEM,,0x00000000000003e7
2026-01-14T05:50:15.071604,Security,4672,SYSTEM,,0x00000000000003e7
2026-01-14T05:50:15.330210,Security,4624,SYSTEM,,0x00000000000003e7
2026-01-14T05:50:15.330219,Security,4672,SYSTEM,,0x00000000000003e7
2026-01-14T05:50:16.773556,Security,4624,SYSTEM,,0x00000000000003e7
2026-01-14T05:50:16.773563,Security,4672,SYSTEM,,0x00000000000003e7
2026-01-14T05:50:16.777649,Security,4624,SYSTEM,,0x00000000000003e7
2026-01-14T05:50:16.777655,Security,4672,SYSTEM,,0x00000000000003e7
2026-01-14T05:50:16.809105,Security,4624,SYSTEM,,0x00000000000003e7
2026-01-14T05:50:16.809111,Security,4672,SYSTEM,,0x00000000000003e7
2026-01-14T05:50:16.819704,Security,4624,SYSTEM,,0x00000000000003e7
2026-01-14T05:50:16.819715,Security,4672,SYSTEM,,0x00000000000003e7
2026-01-14T05:50:16.827263,Security,4624,SYSTEM,,0x00000000000003e7
2026-01-14T05:50:16.827272,Security,4672,SYSTEM,,0x00000000000003e7
2026-01-14T05:50:16.832478,Security,4624,SYSTEM,,0x00000000000003e7
2026-01-14T05:50:16.832485,Security,4672,SYSTEM,,0x00000000000003e7
2026-01-14T05:50:16.833925,Security,4624,SYSTEM,,0x00000000000003e7
2026-01-14T05:50:16.833931,Security,4672,SYSTEM,,0x00000000000003e7
2026-01-14T05:50:17.034216,Security,4624,SYSTEM,,0x00000000000003e7
2026-01-14T05:50:17.034222,Security,4672,SYSTEM,,0x00000000000003e7
2026-01-14T05:50:17.288456,Security,4624,SYSTEM,,0x00000000000003e7
2026-01-14T05:50:17.288456,Security,4624,SYSTEM,,0x00000000000003e7
2026-01-14T05:50:17.288462,Security,4672,SYSTEM,,0x00000000000003e7
2026-01-14T05:50:17.288462,Security,4672,SYSTEM,,0x00000000000003e7
2026-01-14T05:50:21.544834,Security,4624,defaultuser0,,0x000000000003c865
2026-01-14T05:50:21.544846,Security,4624,defaultuser0,,0x000000000003c925
2026-01-14T05:50:21.544851,Security,4672,defaultuser0,,0x000000000003c865
2026-01-14T05:50:21.556335,Security,4624,SYSTEM,,0x00000000000003e7
2026-01-14T05:50:21.556343,Security,4672,SYSTEM,,0x00000000000003e7
2026-01-14T05:50:21.673513,LSM,21,Michael\defaultuser0,LOCAL,
2026-01-14T05:50:21.867992,LSM,22,Michael\defaultuser0,LOCAL,
2026-01-14T05:50:22.280905,Security,4624,SYSTEM,,0x00000000000003e7
2026-01-14T05:50:22.280910,Security,4672,SYSTEM,,0x00000000000003e7
2026-01-14T05:50:23.438797,Security,4624,SYSTEM,,0x00000000000003e7
2026-01-14T05:50:23.438803,Security,4672,SYSTEM,,0x00000000000003e7
2026-01-14T05:50:23.826822,Security,4624,SYSTEM,,0x00000000000003e7
2026-01-14T05:50:23.826828,Security,4672,SYSTEM,,0x00000000000003e7
2026-01-14T05:50:27.921520,Security,4624,SYSTEM,,0x00000000000003e7
2026-01-14T05:50:27.921526,Security,4672,SYSTEM,,0x00000000000003e7
2026-01-14T05:50:28.545525,Security,4624,SYSTEM,,0x00000000000003e7
2026-01-14T05:50:28.545528,Security,4672,SYSTEM,,0x00000000000003e7
2026-01-14T05:50:29.068087,Security,4624,SYSTEM,,0x00000000000003e7
2026-01-14T05:50:29.068092,Security,4672,SYSTEM,,0x00000000000003e7
2026-01-14T05:50:30.245270,Security,4624,SYSTEM,,0x00000000000003e7
2026-01-14T05:50:30.245279,Security,4672,SYSTEM,,0x00000000000003e7
2026-01-14T05:50:30.375803,Security,4624,SYSTEM,,0x00000000000003e7
2026-01-14T05:50:30.375807,Security,4672,SYSTEM,,0x00000000000003e7
2026-01-14T05:51:07.351694,Security,4624,SYSTEM,,0x00000000000003e7
2026-01-14T05:51:07.351700,Security,4672,SYSTEM,,0x00000000000003e7
2026-01-14T05:52:17.789993,Security,4624,SYSTEM,,0x00000000000003e7
2026-01-14T05:52:17.789999,Security,4672,SYSTEM,,0x00000000000003e7
2026-01-14T05:52:18.077322,Security,4624,SYSTEM,,0x00000000000003e7
2026-01-14T05:52:18.077328,Security,4672,SYSTEM,,0x00000000000003e7
2026-01-14T05:52:18.599802,Security,4624,SYSTEM,,0x00000000000003e7
2026-01-14T05:52:18.599808,Security,4672,SYSTEM,,0x00000000000003e7
2026-01-14T05:52:18.891150,Security,4624,SYSTEM,,0x00000000000003e7
2026-01-14T05:52:18.891155,Security,4672,SYSTEM,,0x00000000000003e7
2026-01-14T05:52:19.038050,Security,4624,SYSTEM,,0x00000000000003e7
2026-01-14T05:52:19.038057,Security,4672,SYSTEM,,0x00000000000003e7
2026-01-14T05:52:19.248314,Security,4624,SYSTEM,,0x00000000000003e7
2026-01-14T05:52:19.248320,Security,4672,SYSTEM,,0x00000000000003e7
2026-01-14T05:53:56.576378,LSM,23,Michael\defaultuser0,,
2026-01-14T05:53:56.606516,Security,4624,SYSTEM,,0x00000000000003e7
2026-01-14T05:53:56.606524,Security,4672,SYSTEM,,0x00000000000003e7
2026-01-14T05:54:14.698586,Security,4624,SYSTEM,,0x00000000000003e7
2026-01-14T05:54:14.891424,Security,4624,UMFD-0,,0x000000000000cde9
2026-01-14T05:54:14.891489,Security,4624,UMFD-1,,0x000000000000cdf4
2026-01-14T05:54:14.909672,Security,4624,SYSTEM,,0x00000000000003e7
2026-01-14T05:54:14.909678,Security,4672,SYSTEM,,0x00000000000003e7
2026-01-14T05:54:15.100479,Security,4624,NETWORK SERVICE,,0x00000000000003e4
2026-01-14T05:54:15.100483,Security,4672,NETWORK SERVICE,,0x00000000000003e4
2026-01-14T05:54:15.144135,Security,4624,SYSTEM,,0x00000000000003e7
2026-01-14T05:54:15.144138,Security,4672,SYSTEM,,0x00000000000003e7
2026-01-14T05:54:15.235958,Security,4624,DWM-1,,0x0000000000013133
2026-01-14T05:54:15.235975,Security,4624,DWM-1,,0x000000000001318f
2026-01-14T05:54:15.235979,Security,4672,DWM-1,,0x0000000000013133
2026-01-14T05:54:15.235981,Security,4672,DWM-1,,0x000000000001318f
2026-01-14T05:54:15.365301,Security,4624,SYSTEM,,0x00000000000003e7
2026-01-14T05:54:15.365307,Security,4672,SYSTEM,,0x00000000000003e7
2026-01-14T05:54:15.366213,Security,4624,SYSTEM,,0x00000000000003e7
2026-01-14T05:54:15.366295,Security,4672,SYSTEM,,0x00000000000003e7
2026-01-14T05:54:15.383860,Security,4624,LOCAL SERVICE,,0x00000000000003e5
2026-01-14T05:54:15.383867,Security,4672,LOCAL SERVICE,,0x00000000000003e5
2026-01-14T05:54:15.431128,Security,4624,SYSTEM,,0x00000000000003e7
2026-01-14T05:54:15.431133,Security,4672,SYSTEM,,0x00000000000003e7
2026-01-14T05:54:15.489929,Security,4624,SYSTEM,,0x00000000000003e7
2026-01-14T05:54:15.489935,Security,4672,SYSTEM,,0x00000000000003e7
2026-01-14T05:54:15.556974,Security,4624,SYSTEM,,0x00000000000003e7
2026-01-14T05:54:15.556980,Security,4672,SYSTEM,,0x00000000000003e7
2026-01-14T05:54:15.656466,Security,4624,SYSTEM,,0x00000000000003e7
2026-01-14T05:54:15.656469,Security,4672,SYSTEM,,0x00000000000003e7
2026-01-14T05:54:15.728149,Security,4624,SYSTEM,,0x00000000000003e7
2026-01-14T05:54:15.728155,Security,4672,SYSTEM,,0x00000000000003e7
2026-01-14T05:54:15.909117,Security,4624,SYSTEM,,0x00000000000003e7
2026-01-14T05:54:15.909122,Security,4672,SYSTEM,,0x00000000000003e7
2026-01-14T05:54:15.914423,Security,4624,SYSTEM,,0x00000000000003e7
2026-01-14T05:54:15.914429,Security,4672,SYSTEM,,0x00000000000003e7
2026-01-14T05:54:16.074215,Security,4624,SYSTEM,,0x00000000000003e7
2026-01-14T05:54:16.074223,Security,4672,SYSTEM,,0x00000000000003e7
2026-01-14T05:54:16.203323,Security,4624,SYSTEM,,0x00000000000003e7
2026-01-14T05:54:16.203331,Security,4672,SYSTEM,,0x00000000000003e7
2026-01-14T05:54:16.645983,Security,4624,defaultuser0,,0x000000000001e9e7
2026-01-14T05:54:16.645992,Security,4624,defaultuser0,,0x000000000001ea6a
2026-01-14T05:54:16.645998,Security,4672,defaultuser0,,0x000000000001e9e7
2026-01-14T05:54:16.671204,Security,4624,SYSTEM,,0x00000000000003e7
2026-01-14T05:54:16.671209,Security,4672,SYSTEM,,0x00000000000003e7
2026-01-14T05:54:16.749268,LSM,21,Michael\defaultuser0,LOCAL,
2026-01-14T05:54:16.840847,LSM,22,Michael\defaultuser0,LOCAL,
2026-01-14T05:54:16.940399,Security,4624,SYSTEM,,0x00000000000003e7
2026-01-14T05:54:16.940405,Security,4672,SYSTEM,,0x00000000000003e7
2026-01-14T05:54:17.032183,Security,4624,SYSTEM,,0x00000000000003e7
2026-01-14T05:54:17.032188,Security,4672,SYSTEM,,0x00000000000003e7
2026-01-14T05:54:17.143917,Security,4624,SYSTEM,,0x00000000000003e7
2026-01-14T05:54:17.143921,Security,4672,SYSTEM,,0x00000000000003e7
2026-01-14T05:54:17.303267,Security,4624,SYSTEM,,0x00000000000003e7
2026-01-14T05:54:17.303272,Security,4672,SYSTEM,,0x00000000000003e7
2026-01-14T05:54:17.956102,Security,4624,SYSTEM,,0x00000000000003e7
2026-01-14T05:54:17.956114,Security,4672,SYSTEM,,0x00000000000003e7
2026-01-14T05:54:17.971910,Security,4624,SYSTEM,,0x00000000000003e7
2026-01-14T05:54:17.971916,Security,4672,SYSTEM,,0x00000000000003e7
2026-01-14T05:54:18.019295,Security,4624,SYSTEM,,0x00000000000003e7
2026-01-14T05:54:18.019302,Security,4672,SYSTEM,,0x00000000000003e7
2026-01-14T05:54:18.031649,Security,4624,SYSTEM,,0x00000000000003e7
2026-01-14T05:54:18.031654,Security,4672,SYSTEM,,0x00000000000003e7
2026-01-14T05:54:18.040894,Security,4624,SYSTEM,,0x00000000000003e7
2026-01-14T05:54:18.040899,Security,4672,SYSTEM,,0x00000000000003e7
2026-01-14T05:54:18.042658,Security,4624,SYSTEM,,0x00000000000003e7
2026-01-14T05:54:18.042662,Security,4672,SYSTEM,,0x00000000000003e7
2026-01-14T05:54:18.046537,Security,4624,SYSTEM,,0x00000000000003e7
2026-01-14T05:54:18.046541,Security,4672,SYSTEM,,0x00000000000003e7
2026-01-14T05:54:18.209967,Security,4624,SYSTEM,,0x00000000000003e7
2026-01-14T05:54:18.209974,Security,4672,SYSTEM,,0x00000000000003e7
2026-01-14T05:54:19.538713,Security,4624,SYSTEM,,0x00000000000003e7
2026-01-14T05:54:19.538717,Security,4672,SYSTEM,,0x00000000000003e7
2026-01-14T05:54:19.538820,Security,4624,SYSTEM,,0x00000000000003e7
2026-01-14T05:54:19.538824,Security,4672,SYSTEM,,0x00000000000003e7
2026-01-14T05:54:20.839590,Security,4624,SYSTEM,,0x00000000000003e7
2026-01-14T05:54:20.839596,Security,4672,SYSTEM,,0x00000000000003e7
2026-01-14T05:54:21.091251,Security,4624,SYSTEM,,0x00000000000003e7
2026-01-14T05:54:21.091257,Security,4672,SYSTEM,,0x00000000000003e7
2026-01-14T05:54:22.837177,Security,4624,SYSTEM,,0x00000000000003e7
2026-01-14T05:54:22.837183,Security,4672,SYSTEM,,0x00000000000003e7
2026-01-14T05:54:23.312695,Security,4624,SYSTEM,,0x00000000000003e7
2026-01-14T05:54:23.312700,Security,4672,SYSTEM,,0x00000000000003e7
2026-01-14T05:54:24.450235,Security,4624,SYSTEM,,0x00000000000003e7
2026-01-14T05:54:24.450241,Security,4672,SYSTEM,,0x00000000000003e7
2026-01-14T05:54:25.779003,Security,4624,SYSTEM,,0x00000000000003e7
2026-01-14T05:54:25.779009,Security,4672,SYSTEM,,0x00000000000003e7
2026-01-14T05:54:26.557007,Security,4624,SYSTEM,,0x00000000000003e7
2026-01-14T05:54:26.557013,Security,4672,SYSTEM,,0x00000000000003e7
2026-01-14T05:54:27.609543,Security,4624,SYSTEM,,0x00000000000003e7
2026-01-14T05:54:27.609549,Security,4672,SYSTEM,,0x00000000000003e7
2026-01-14T05:54:27.725649,Security,4624,SYSTEM,,0x00000000000003e7
2026-01-14T05:54:27.725655,Security,4672,SYSTEM,,0x00000000000003e7
2026-01-14T05:54:28.462389,Security,4624,SYSTEM,,0x00000000000003e7
2026-01-14T05:54:28.462395,Security,4672,SYSTEM,,0x00000000000003e7
2026-01-14T05:54:35.816473,Security,4624,SYSTEM,,0x00000000000003e7
2026-01-14T05:54:35.816479,Security,4672,SYSTEM,,0x00000000000003e7
2026-01-14T05:54:56.157413,Security,4624,SYSTEM,,0x00000000000003e7
2026-01-14T05:54:56.157421,Security,4672,SYSTEM,,0x00000000000003e7
2026-01-14T05:55:04.586008,Security,4624,SYSTEM,,0x00000000000003e7
2026-01-14T05:55:04.586016,Security,4672,SYSTEM,,0x00000000000003e7
2026-01-14T05:55:26.909710,LSM,23,Michael\defaultuser0,,
2026-01-14T05:55:26.933756,Security,4624,SYSTEM,,0x00000000000003e7
2026-01-14T05:55:26.933762,Security,4672,SYSTEM,,0x00000000000003e7
2026-01-14T05:55:42.714569,Security,4624,SYSTEM,,0x00000000000003e7
2026-01-14T05:55:42.906895,Security,4624,UMFD-1,,0x000000000000cde1
2026-01-14T05:55:42.906929,Security,4624,UMFD-0,,0x000000000000cdcf
2026-01-14T05:55:42.923700,Security,4624,SYSTEM,,0x00000000000003e7
2026-01-14T05:55:42.923706,Security,4672,SYSTEM,,0x00000000000003e7
2026-01-14T05:55:43.118206,Security,4624,NETWORK SERVICE,,0x00000000000003e4
2026-01-14T05:55:43.118210,Security,4672,NETWORK SERVICE,,0x00000000000003e4
2026-01-14T05:55:43.176390,Security,4624,SYSTEM,,0x00000000000003e7
2026-01-14T05:55:43.176397,Security,4672,SYSTEM,,0x00000000000003e7
2026-01-14T05:55:43.259552,Security,4624,DWM-1,,0x00000000000131a2
2026-01-14T05:55:43.259563,Security,4624,DWM-1,,0x00000000000131cb
2026-01-14T05:55:43.259567,Security,4672,DWM-1,,0x00000000000131a2
2026-01-14T05:55:43.259569,Security,4672,DWM-1,,0x00000000000131cb
2026-01-14T05:55:43.380922,Security,4624,SYSTEM,,0x00000000000003e7
2026-01-14T05:55:43.380928,Security,4672,SYSTEM,,0x00000000000003e7
2026-01-14T05:55:43.384649,Security,4624,SYSTEM,,0x00000000000003e7
2026-01-14T05:55:43.384653,Security,4672,SYSTEM,,0x00000000000003e7
2026-01-14T05:55:43.396519,Security,4624,LOCAL SERVICE,,0x00000000000003e5
2026-01-14T05:55:43.396523,Security,4672,LOCAL SERVICE,,0x00000000000003e5
2026-01-14T05:55:43.435665,Security,4624,SYSTEM,,0x00000000000003e7
2026-01-14T05:55:43.435669,Security,4672,SYSTEM,,0x00000000000003e7
2026-01-14T05:55:43.471613,Security,4624,SYSTEM,,0x00000000000003e7
2026-01-14T05:55:43.471622,Security,4672,SYSTEM,,0x00000000000003e7
2026-01-14T05:55:43.503574,Security,4624,SYSTEM,,0x00000000000003e7
2026-01-14T05:55:43.503580,Security,4672,SYSTEM,,0x00000000000003e7
2026-01-14T05:55:43.662937,Security,4624,SYSTEM,,0x00000000000003e7
2026-01-14T05:55:43.662941,Security,4672,SYSTEM,,0x00000000000003e7
2026-01-14T05:55:43.777346,Security,4624,SYSTEM,,0x00000000000003e7
2026-01-14T05:55:43.777353,Security,4672,SYSTEM,,0x00000000000003e7
2026-01-14T05:55:43.950449,Security,4624,SYSTEM,,0x00000000000003e7
2026-01-14T05:55:43.950455,Security,4672,SYSTEM,,0x00000000000003e7
2026-01-14T05:55:43.953531,Security,4624,SYSTEM,,0x00000000000003e7
2026-01-14T05:55:43.953537,Security,4672,SYSTEM,,0x00000000000003e7
2026-01-14T05:55:44.037769,Security,4624,SYSTEM,,0x00000000000003e7
2026-01-14T05:55:44.037773,Security,4672,SYSTEM,,0x00000000000003e7
2026-01-14T05:55:44.149586,Security,4624,SYSTEM,,0x00000000000003e7
2026-01-14T05:55:44.149593,Security,4672,SYSTEM,,0x00000000000003e7
2026-01-14T05:55:44.470675,Security,4624,SYSTEM,,0x00000000000003e7
2026-01-14T05:55:44.470680,Security,4672,SYSTEM,,0x00000000000003e7
2026-01-14T05:55:44.523289,Security,4624,defaultuser0,,0x000000000001d2d3
2026-01-14T05:55:44.523306,Security,4624,defaultuser0,,0x000000000001d31f
2026-01-14T05:55:44.523312,Security,4672,defaultuser0,,0x000000000001d2d3
2026-01-14T05:55:44.662046,LSM,21,Michael\defaultuser0,LOCAL,
2026-01-14T05:55:44.778458,LSM,22,Michael\defaultuser0,LOCAL,
2026-01-14T05:55:45.078999,Security,4624,SYSTEM,,0x00000000000003e7
2026-01-14T05:55:45.079004,Security,4672,SYSTEM,,0x00000000000003e7
2026-01-14T05:55:45.259314,Security,4624,SYSTEM,,0x00000000000003e7
2026-01-14T05:55:45.259317,Security,4672,SYSTEM,,0x00000000000003e7
2026-01-14T05:55:45.305569,Security,4624,SYSTEM,,0x00000000000003e7
2026-01-14T05:55:45.305578,Security,4672,SYSTEM,,0x00000000000003e7
2026-01-14T05:55:45.383183,Security,4624,SYSTEM,,0x00000000000003e7
2026-01-14T05:55:45.383188,Security,4672,SYSTEM,,0x00000000000003e7
2026-01-14T05:55:46.018827,Security,4624,SYSTEM,,0x00000000000003e7
2026-01-14T05:55:46.018833,Security,4672,SYSTEM,,0x00000000000003e7
2026-01-14T05:55:46.024443,Security,4624,SYSTEM,,0x00000000000003e7
2026-01-14T05:55:46.024446,Security,4672,SYSTEM,,0x00000000000003e7
2026-01-14T05:55:46.059212,Security,4624,SYSTEM,,0x00000000000003e7
2026-01-14T05:55:46.059217,Security,4672,SYSTEM,,0x00000000000003e7
2026-01-14T05:55:46.071508,Security,4624,SYSTEM,,0x00000000000003e7
2026-01-14T05:55:46.071512,Security,4672,SYSTEM,,0x00000000000003e7
2026-01-14T05:55:46.075808,Security,4624,SYSTEM,,0x00000000000003e7
2026-01-14T05:55:46.075811,Security,4672,SYSTEM,,0x00000000000003e7
2026-01-14T05:55:46.078249,Security,4624,SYSTEM,,0x00000000000003e7
2026-01-14T05:55:46.078255,Security,4672,SYSTEM,,0x00000000000003e7
2026-01-14T05:55:46.088861,Security,4624,SYSTEM,,0x00000000000003e7
2026-01-14T05:55:46.088869,Security,4672,SYSTEM,,0x00000000000003e7
2026-01-14T05:55:46.252920,Security,4624,SYSTEM,,0x00000000000003e7
2026-01-14T05:55:46.252924,Security,4672,SYSTEM,,0x00000000000003e7
2026-01-14T05:55:47.450069,Security,4624,SYSTEM,,0x00000000000003e7
2026-01-14T05:55:47.450075,Security,4672,SYSTEM,,0x00000000000003e7
2026-01-14T05:55:47.450184,Security,4624,SYSTEM,,0x00000000000003e7
2026-01-14T05:55:47.450188,Security,4672,SYSTEM,,0x00000000000003e7
2026-01-14T05:55:48.619957,Security,4624,SYSTEM,,0x00000000000003e7
2026-01-14T05:55:48.619961,Security,4672,SYSTEM,,0x00000000000003e7
2026-01-14T05:55:48.985733,Security,4624,SYSTEM,,0x00000000000003e7
2026-01-14T05:55:48.985739,Security,4672,SYSTEM,,0x00000000000003e7
2026-01-14T05:55:50.740248,Security,4624,SYSTEM,,0x00000000000003e7
2026-01-14T05:55:50.740252,Security,4672,SYSTEM,,0x00000000000003e7
2026-01-14T05:55:51.079782,Security,4624,SYSTEM,,0x00000000000003e7
2026-01-14T05:55:51.079788,Security,4672,SYSTEM,,0x00000000000003e7
2026-01-14T05:55:52.356249,Security,4624,SYSTEM,,0x00000000000003e7
2026-01-14T05:55:52.356255,Security,4672,SYSTEM,,0x00000000000003e7
2026-01-14T05:55:54.190344,Security,4624,SYSTEM,,0x00000000000003e7
2026-01-14T05:55:54.190348,Security,4672,SYSTEM,,0x00000000000003e7
2026-01-14T05:55:54.748184,Security,4624,SYSTEM,,0x00000000000003e7
2026-01-14T05:55:54.748188,Security,4672,SYSTEM,,0x00000000000003e7
2026-01-14T05:55:54.998270,Security,4624,SYSTEM,,0x00000000000003e7
2026-01-14T05:55:54.998276,Security,4672,SYSTEM,,0x00000000000003e7
2026-01-14T05:55:56.076164,Security,4624,SYSTEM,,0x00000000000003e7
2026-01-14T05:55:56.076170,Security,4672,SYSTEM,,0x00000000000003e7
2026-01-14T05:55:59.928551,Security,4624,SYSTEM,,0x00000000000003e7
2026-01-14T05:55:59.928560,Security,4672,SYSTEM,,0x00000000000003e7
2026-01-14T05:56:01.572901,Security,4624,SYSTEM,,0x00000000000003e7
2026-01-14T05:56:01.572906,Security,4672,SYSTEM,,0x00000000000003e7
2026-01-14T05:56:02.170435,Security,4624,SYSTEM,,0x00000000000003e7
2026-01-14T05:56:02.170439,Security,4672,SYSTEM,,0x00000000000003e7
2026-01-14T05:56:10.604303,Security,4624,SYSTEM,,0x00000000000003e7
2026-01-14T05:56:10.604309,Security,4672,SYSTEM,,0x00000000000003e7
2026-01-14T05:56:11.213568,Security,4624,SYSTEM,,0x00000000000003e7
2026-01-14T05:56:11.213572,Security,4672,SYSTEM,,0x00000000000003e7
2026-01-14T05:56:13.846325,Security,4624,SYSTEM,,0x00000000000003e7
2026-01-14T05:56:13.846331,Security,4672,SYSTEM,,0x00000000000003e7
2026-01-14T05:56:15.657295,Security,4624,SYSTEM,,0x00000000000003e7
2026-01-14T05:56:15.657301,Security,4672,SYSTEM,,0x00000000000003e7
2026-01-14T05:57:41.438313,LSM,23,Michael\defaultuser0,,
2026-01-14T05:57:41.469797,Security,4624,SYSTEM,,0x00000000000003e7
2026-01-14T05:57:41.469803,Security,4672,SYSTEM,,0x00000000000003e7
2026-01-14T05:57:56.839031,Security,4624,SYSTEM,,0x00000000000003e7
2026-01-14T05:57:57.036848,Security,4624,UMFD-0,,0x000000000000cde0
2026-01-14T05:57:57.036947,Security,4624,UMFD-1,,0x000000000000ce0b
2026-01-14T05:57:57.053955,Security,4624,SYSTEM,,0x00000000000003e7
2026-01-14T05:57:57.053963,Security,4672,SYSTEM,,0x00000000000003e7
2026-01-14T05:57:57.254112,Security,4624,NETWORK SERVICE,,0x00000000000003e4
2026-01-14T05:57:57.254122,Security,4672,NETWORK SERVICE,,0x00000000000003e4
2026-01-14T05:57:57.309223,Security,4624,SYSTEM,,0x00000000000003e7
2026-01-14T05:57:57.309229,Security,4672,SYSTEM,,0x00000000000003e7
2026-01-14T05:57:57.395948,Security,4624,DWM-1,,0x0000000000013188
2026-01-14T05:57:57.395971,Security,4624,DWM-1,,0x00000000000131c1
2026-01-14T05:57:57.395977,Security,4672,DWM-1,,0x0000000000013188
2026-01-14T05:57:57.395979,Security,4672,DWM-1,,0x00000000000131c1
2026-01-14T05:57:57.546564,Security,4624,SYSTEM,,0x00000000000003e7
2026-01-14T05:57:57.546570,Security,4672,SYSTEM,,0x00000000000003e7
2026-01-14T05:57:57.547325,Security,4624,SYSTEM,,0x00000000000003e7
2026-01-14T05:57:57.547329,Security,4672,SYSTEM,,0x00000000000003e7
2026-01-14T05:57:57.564173,Security,4624,LOCAL SERVICE,,0x00000000000003e5
2026-01-14T05:57:57.564177,Security,4672,LOCAL SERVICE,,0x00000000000003e5
2026-01-14T05:57:57.601988,Security,4624,SYSTEM,,0x00000000000003e7
2026-01-14T05:57:57.601994,Security,4672,SYSTEM,,0x00000000000003e7
2026-01-14T05:57:57.674431,Security,4624,SYSTEM,,0x00000000000003e7
2026-01-14T05:57:57.674438,Security,4672,SYSTEM,,0x00000000000003e7
2026-01-14T05:57:57.749241,Security,4624,SYSTEM,,0x00000000000003e7
2026-01-14T05:57:57.749247,Security,4672,SYSTEM,,0x00000000000003e7
2026-01-14T05:57:57.807652,Security,4624,SYSTEM,,0x00000000000003e7
2026-01-14T05:57:57.807657,Security,4672,SYSTEM,,0x00000000000003e7
2026-01-14T05:57:58.002508,Security,4624,SYSTEM,,0x00000000000003e7
2026-01-14T05:57:58.002514,Security,4672,SYSTEM,,0x00000000000003e7
2026-01-14T05:57:58.162514,Security,4624,SYSTEM,,0x00000000000003e7
2026-01-14T05:57:58.162519,Security,4672,SYSTEM,,0x00000000000003e7
2026-01-14T05:57:58.165827,Security,4624,SYSTEM,,0x00000000000003e7
2026-01-14T05:57:58.165831,Security,4672,SYSTEM,,0x00000000000003e7
2026-01-14T05:57:58.248947,Security,4624,SYSTEM,,0x00000000000003e7
2026-01-14T05:57:58.248951,Security,4672,SYSTEM,,0x00000000000003e7
2026-01-14T05:57:58.380404,Security,4624,SYSTEM,,0x00000000000003e7
2026-01-14T05:57:58.380407,Security,4672,SYSTEM,,0x00000000000003e7
2026-01-14T05:57:58.784529,Security,4624,defaultuser0,,0x000000000001e2d8
2026-01-14T05:57:58.784546,Security,4624,defaultuser0,,0x000000000001e340
2026-01-14T05:57:58.784550,Security,4672,defaultuser0,,0x000000000001e2d8
2026-01-14T05:57:58.812719,Security,4624,SYSTEM,,0x00000000000003e7
2026-01-14T05:57:58.812725,Security,4672,SYSTEM,,0x00000000000003e7
2026-01-14T05:57:58.909124,LSM,21,Michael\defaultuser0,LOCAL,
2026-01-14T05:57:59.002892,LSM,22,Michael\defaultuser0,LOCAL,
2026-01-14T05:57:59.006136,Security,4624,SYSTEM,,0x00000000000003e7
2026-01-14T05:57:59.006140,Security,4672,SYSTEM,,0x00000000000003e7
2026-01-14T05:57:59.190504,Security,4624,SYSTEM,,0x00000000000003e7
2026-01-14T05:57:59.190510,Security,4672,SYSTEM,,0x00000000000003e7
2026-01-14T05:57:59.437231,Security,4624,SYSTEM,,0x00000000000003e7
2026-01-14T05:57:59.437237,Security,4672,SYSTEM,,0x00000000000003e7
2026-01-14T05:57:59.531477,Security,4624,SYSTEM,,0x00000000000003e7
2026-01-14T05:57:59.531483,Security,4672,SYSTEM,,0x00000000000003e7
2026-01-14T05:58:00.059565,Security,4624,SYSTEM,,0x00000000000003e7
2026-01-14T05:58:00.059570,Security,4672,SYSTEM,,0x00000000000003e7
2026-01-14T05:58:00.071798,Security,4624,SYSTEM,,0x00000000000003e7
2026-01-14T05:58:00.071802,Security,4672,SYSTEM,,0x00000000000003e7
2026-01-14T05:58:00.133022,Security,4624,SYSTEM,,0x00000000000003e7
2026-01-14T05:58:00.133026,Security,4672,SYSTEM,,0x00000000000003e7
2026-01-14T05:58:00.153530,Security,4624,SYSTEM,,0x00000000000003e7
2026-01-14T05:58:00.153538,Security,4672,SYSTEM,,0x00000000000003e7
2026-01-14T05:58:00.155703,Security,4624,SYSTEM,,0x00000000000003e7
2026-01-14T05:58:00.155710,Security,4672,SYSTEM,,0x00000000000003e7
2026-01-14T05:58:00.164909,Security,4624,SYSTEM,,0x00000000000003e7
2026-01-14T05:58:00.164917,Security,4672,SYSTEM,,0x00000000000003e7
2026-01-14T05:58:00.170647,Security,4624,SYSTEM,,0x00000000000003e7
2026-01-14T05:58:00.170650,Security,4672,SYSTEM,,0x00000000000003e7
2026-01-14T05:58:00.397408,Security,4624,SYSTEM,,0x00000000000003e7
2026-01-14T05:58:00.397411,Security,4672,SYSTEM,,0x00000000000003e7
2026-01-14T05:58:01.660992,Security,4624,SYSTEM,,0x00000000000003e7
2026-01-14T05:58:01.660995,Security,4624,SYSTEM,,0x00000000000003e7
2026-01-14T05:58:01.660997,Security,4672,SYSTEM,,0x00000000000003e7
2026-01-14T05:58:01.661001,Security,4672,SYSTEM,,0x00000000000003e7
2026-01-14T05:58:03.068733,Security,4624,SYSTEM,,0x00000000000003e7
2026-01-14T05:58:03.068739,Security,4672,SYSTEM,,0x00000000000003e7
2026-01-14T05:58:03.658974,Security,4624,SYSTEM,,0x00000000000003e7
2026-01-14T05:58:03.658979,Security,4672,SYSTEM,,0x00000000000003e7
2026-01-14T05:58:05.478662,Security,4624,SYSTEM,,0x00000000000003e7
2026-01-14T05:58:05.478668,Security,4672,SYSTEM,,0x00000000000003e7
2026-01-14T05:58:05.805109,Security,4624,SYSTEM,,0x00000000000003e7
2026-01-14T05:58:05.805113,Security,4672,SYSTEM,,0x00000000000003e7
2026-01-14T05:58:07.031439,Security,4624,SYSTEM,,0x00000000000003e7
2026-01-14T05:58:07.031445,Security,4672,SYSTEM,,0x00000000000003e7
2026-01-14T05:58:09.004324,Security,4624,SYSTEM,,0x00000000000003e7
2026-01-14T05:58:09.004330,Security,4672,SYSTEM,,0x00000000000003e7
2026-01-14T05:58:09.111683,Security,4624,SYSTEM,,0x00000000000003e7
2026-01-14T05:58:09.111687,Security,4672,SYSTEM,,0x00000000000003e7
2026-01-14T05:58:10.424253,Security,4624,SYSTEM,,0x00000000000003e7
2026-01-14T05:58:10.424261,Security,4672,SYSTEM,,0x00000000000003e7
2026-01-14T05:58:10.596247,Security,4624,SYSTEM,,0x00000000000003e7
2026-01-14T05:58:10.596254,Security,4672,SYSTEM,,0x00000000000003e7
2026-01-14T05:58:11.331631,Security,4624,SYSTEM,,0x00000000000003e7
2026-01-14T05:58:11.331638,Security,4672,SYSTEM,,0x00000000000003e7
2026-01-14T05:58:11.878630,Security,4624,SYSTEM,,0x00000000000003e7
2026-01-14T05:58:11.878635,Security,4672,SYSTEM,,0x00000000000003e7
2026-01-14T05:58:46.022999,Security,4624,SYSTEM,,0x00000000000003e7
2026-01-14T05:58:46.023006,Security,4672,SYSTEM,,0x00000000000003e7
2026-01-14T05:58:46.028498,Security,4624,SYSTEM,,0x00000000000003e7
2026-01-14T05:58:46.028503,Security,4672,SYSTEM,,0x00000000000003e7
2026-01-14T05:58:46.948805,Security,4624,SYSTEM,,0x00000000000003e7
2026-01-14T05:58:46.948814,Security,4672,SYSTEM,,0x00000000000003e7
2026-01-14T06:00:01.821402,Security,4624,SYSTEM,,0x00000000000003e7
2026-01-14T06:00:01.821405,Security,4672,SYSTEM,,0x00000000000003e7
2026-01-14T06:00:01.898657,Security,4624,SYSTEM,,0x00000000000003e7
2026-01-14T06:00:01.898663,Security,4672,SYSTEM,,0x00000000000003e7
2026-01-14T06:00:02.417400,Security,4624,SYSTEM,,0x00000000000003e7
2026-01-14T06:00:02.417408,Security,4672,SYSTEM,,0x00000000000003e7
2026-01-14T06:00:02.569765,Security,4624,SYSTEM,,0x00000000000003e7
2026-01-14T06:00:02.569775,Security,4672,SYSTEM,,0x00000000000003e7
2026-01-14T06:00:02.729233,Security,4624,SYSTEM,,0x00000000000003e7
2026-01-14T06:00:02.729239,Security,4672,SYSTEM,,0x00000000000003e7
2026-01-14T06:01:43.904234,Security,4624,Michael Lee,,0x00000000000f099a
2026-01-14T06:01:43.904243,Security,4624,Michael Lee,,0x00000000000f0a30
2026-01-14T06:01:43.904249,Security,4672,Michael Lee,,0x00000000000f099a
2026-01-14T06:01:44.538210,Security,4624,SYSTEM,,0x00000000000003e7
2026-01-14T06:01:44.538216,Security,4672,SYSTEM,,0x00000000000003e7
2026-01-14T06:01:44.626192,Security,4624,SYSTEM,,0x00000000000003e7
2026-01-14T06:01:44.626198,Security,4672,SYSTEM,,0x00000000000003e7
2026-01-14T06:01:45.183594,Security,4624,SYSTEM,,0x00000000000003e7
2026-01-14T06:01:45.183601,Security,4672,SYSTEM,,0x00000000000003e7
2026-01-14T06:01:45.754704,Security,4624,SYSTEM,,0x00000000000003e7
2026-01-14T06:01:45.754707,Security,4672,SYSTEM,,0x00000000000003e7
2026-01-14T06:03:17.653259,Security,4634,Michael Lee,,0x00000000000f0a30
2026-01-14T06:03:17.653822,Security,4634,Michael Lee,,0x00000000000f099a
2026-01-14T06:03:17.841532,LSM,23,Michael\defaultuser0,,
2026-01-14T06:03:17.876720,Security,4624,SYSTEM,,0x00000000000003e7
2026-01-14T06:03:17.876726,Security,4672,SYSTEM,,0x00000000000003e7
2026-01-14T06:03:17.947308,LSM,24,Michael\defaultuser0,LOCAL,
2026-01-14T06:03:18.030680,Security,4624,UMFD-2,,0x000000000011aade
2026-01-14T06:03:18.073166,Security,4624,DWM-2,,0x000000000011af34
2026-01-14T06:03:18.073177,Security,4624,DWM-2,,0x000000000011b189
2026-01-14T06:03:18.073179,Security,4672,DWM-2,,0x000000000011af34
2026-01-14T06:03:18.073181,Security,4672,DWM-2,,0x000000000011b189
2026-01-14T06:03:18.091883,Security,4634,UMFD-1,,0x000000000000ce0b
2026-01-14T06:03:18.328482,Security,4624,Michael Lee,,0x000000000011e1ef
2026-01-14T06:03:18.328493,Security,4624,Michael Lee,,0x000000000011e240
2026-01-14T06:03:18.328499,Security,4672,Michael Lee,,0x000000000011e1ef
2026-01-14T06:03:19.329403,Security,4634,DWM-1,,0x00000000000131c1
2026-01-14T06:03:19.329483,Security,4634,DWM-1,,0x0000000000013188
2026-01-14T06:03:19.647253,LSM,21,Michael\Michael Lee,LOCAL,
2026-01-14T06:03:19.684359,Security,4624,SYSTEM,,0x00000000000003e7
2026-01-14T06:03:19.684366,Security,4672,SYSTEM,,0x00000000000003e7
2026-01-14T06:03:19.688282,Security,4624,SYSTEM,,0x00000000000003e7
2026-01-14T06:03:19.688290,Security,4672,SYSTEM,,0x00000000000003e7
2026-01-14T06:03:19.691078,Security,4624,SYSTEM,,0x00000000000003e7
2026-01-14T06:03:19.691082,Security,4672,SYSTEM,,0x00000000000003e7
2026-01-14T06:03:19.782719,LSM,22,Michael\Michael Lee,LOCAL,
2026-01-14T06:03:22.271418,Security,4624,SYSTEM,,0x00000000000003e7
2026-01-14T06:03:22.271473,Security,4672,SYSTEM,,0x00000000000003e7
2026-01-14T06:03:28.892456,Security,4624,SYSTEM,,0x00000000000003e7
2026-01-14T06:03:28.892462,Security,4672,SYSTEM,,0x00000000000003e7
2026-01-14T06:04:43.030462,Security,4624,SYSTEM,,0x00000000000003e7
2026-01-14T06:04:43.030468,Security,4672,SYSTEM,,0x00000000000003e7
2026-01-14T06:04:43.397720,Security,4624,SYSTEM,,0x00000000000003e7
2026-01-14T06:04:43.397726,Security,4672,SYSTEM,,0x00000000000003e7
2026-01-14T06:04:52.748842,Security,4624,SYSTEM,,0x00000000000003e7
2026-01-14T06:04:52.748848,Security,4672,SYSTEM,,0x00000000000003e7
2026-01-14T06:05:13.878561,Security,4624,SYSTEM,,0x00000000000003e7
2026-01-14T06:05:13.878567,Security,4672,SYSTEM,,0x00000000000003e7
2026-01-14T06:05:52.781010,Security,4624,SYSTEM,,0x00000000000003e7
2026-01-14T06:05:52.781034,Security,4672,SYSTEM,,0x00000000000003e7
2026-01-14T06:06:40.845852,Security,4624,SYSTEM,,0x00000000000003e7
2026-01-14T06:06:40.845860,Security,4672,SYSTEM,,0x00000000000003e7
2026-01-14T06:08:00.949417,Security,4624,SYSTEM,,0x00000000000003e7
2026-01-14T06:08:00.949423,Security,4672,SYSTEM,,0x00000000000003e7
2026-01-14T06:08:00.953962,Security,4624,SYSTEM,,0x00000000000003e7
2026-01-14T06:08:00.953968,Security,4672,SYSTEM,,0x00000000000003e7
2026-01-14T06:08:00.954872,Security,4624,SYSTEM,,0x00000000000003e7
2026-01-14T06:08:00.954876,Security,4672,SYSTEM,,0x00000000000003e7
2026-01-14T06:08:00.965763,Security,4624,SYSTEM,,0x00000000000003e7
2026-01-14T06:08:00.965767,Security,4672,SYSTEM,,0x00000000000003e7
2026-01-14T06:08:00.967447,Security,4624,SYSTEM,,0x00000000000003e7
2026-01-14T06:08:00.967453,Security,4672,SYSTEM,,0x00000000000003e7
2026-01-14T06:08:00.972795,Security,4624,SYSTEM,,0x00000000000003e7
2026-01-14T06:08:00.972801,Security,4672,SYSTEM,,0x00000000000003e7
2026-01-14T06:08:01.202026,Security,4624,SYSTEM,,0x00000000000003e7
2026-01-14T06:08:01.202032,Security,4672,SYSTEM,,0x00000000000003e7
2026-01-14T06:08:11.004404,Security,4624,SYSTEM,,0x00000000000003e7
2026-01-14T06:08:11.004410,Security,4672,SYSTEM,,0x00000000000003e7
2026-01-14T06:08:11.029221,Security,4624,SYSTEM,,0x00000000000003e7
2026-01-14T06:08:11.029224,Security,4672,SYSTEM,,0x00000000000003e7
2026-01-14T06:08:21.998209,Security,4624,SYSTEM,,0x00000000000003e7
2026-01-14T06:08:21.998215,Security,4672,SYSTEM,,0x00000000000003e7
2026-01-14T06:09:33.278896,Security,4624,SYSTEM,,0x00000000000003e7
2026-01-14T06:09:33.278902,Security,4672,SYSTEM,,0x00000000000003e7
2026-01-14T06:09:33.767481,Security,4624,SYSTEM,,0x00000000000003e7
2026-01-14T06:09:33.767487,Security,4672,SYSTEM,,0x00000000000003e7
2026-01-14T06:09:45.938379,Security,4624,SYSTEM,,0x00000000000003e7
2026-01-14T06:09:45.938385,Security,4672,SYSTEM,,0x00000000000003e7
2026-01-14T06:12:28.078621,Security,4624,SYSTEM,,0x00000000000003e7
2026-01-14T06:12:28.078627,Security,4672,SYSTEM,,0x00000000000003e7
2026-01-14T06:12:31.485792,Security,4624,SYSTEM,,0x00000000000003e7
2026-01-14T06:12:31.485798,Security,4672,SYSTEM,,0x00000000000003e7
2026-01-14T06:12:45.587193,Security,4624,SYSTEM,,0x00000000000003e7
2026-01-14T06:12:45.587200,Security,4672,SYSTEM,,0x00000000000003e7
2026-01-14T06:13:00.054840,Security,4624,SYSTEM,,0x00000000000003e7
2026-01-14T06:13:00.054844,Security,4672,SYSTEM,,0x00000000000003e7
2026-01-14T06:14:43.667833,Security,4624,SYSTEM,,0x00000000000003e7
2026-01-14T06:14:43.667866,Security,4672,SYSTEM,,0x00000000000003e7
2026-01-14T06:14:43.788626,Security,4624,SYSTEM,,0x00000000000003e7
2026-01-14T06:14:43.788630,Security,4672,SYSTEM,,0x00000000000003e7
2026-01-14T06:18:21.048483,Security,4624,SYSTEM,,0x00000000000003e7
2026-01-14T06:18:21.048487,Security,4672,SYSTEM,,0x00000000000003e7
2026-01-14T06:18:21.113104,Security,4624,SYSTEM,,0x00000000000003e7
2026-01-14T06:18:21.113110,Security,4672,SYSTEM,,0x00000000000003e7
2026-01-14T06:18:23.497490,Security,4624,SYSTEM,,0x00000000000003e7
2026-01-14T06:18:23.497496,Security,4672,SYSTEM,,0x00000000000003e7
2026-01-14T06:18:26.559566,Security,4624,SYSTEM,,0x00000000000003e7
2026-01-14T06:18:26.559574,Security,4672,SYSTEM,,0x00000000000003e7
2026-01-14T06:18:58.942453,Security,4624,SYSTEM,,0x00000000000003e7
2026-01-14T06:18:58.942459,Security,4672,SYSTEM,,0x00000000000003e7
2026-01-14T06:19:29.890017,Security,4624,SYSTEM,,0x00000000000003e7
2026-01-14T06:19:29.890022,Security,4672,SYSTEM,,0x00000000000003e7
2026-01-14T06:19:30.077101,Security,4624,SYSTEM,,0x00000000000003e7
2026-01-14T06:19:30.077105,Security,4672,SYSTEM,,0x00000000000003e7
2026-01-14T06:19:53.381081,Security,4624,SYSTEM,,0x00000000000003e7
2026-01-14T06:19:53.381086,Security,4672,SYSTEM,,0x00000000000003e7
2026-01-14T06:19:55.637545,Security,4624,SYSTEM,,0x00000000000003e7
2026-01-14T06:19:55.637552,Security,4672,SYSTEM,,0x00000000000003e7
2026-01-14T06:27:14.708845,Security,4624,SYSTEM,,0x00000000000003e7
2026-01-14T06:27:14.708851,Security,4672,SYSTEM,,0x00000000000003e7
2026-01-14T06:28:10.690929,LSM,23,Michael\Michael Lee,,
2026-01-14T06:28:10.713379,Security,4624,SYSTEM,,0x00000000000003e7
2026-01-14T06:28:10.713383,Security,4672,SYSTEM,,0x00000000000003e7
2026-01-14T06:28:11.275240,Security,4624,SYSTEM,,0x00000000000003e7
2026-01-14T06:28:11.275244,Security,4672,SYSTEM,,0x00000000000003e7
2026-01-14T06:44:53.775602,Security,4624,SYSTEM,,0x00000000000003e7
2026-01-14T06:44:53.979256,Security,4624,UMFD-0,,0x000000000000cf33
2026-01-14T06:44:53.979366,Security,4624,UMFD-1,,0x000000000000cf4e
2026-01-14T06:44:53.996527,Security,4624,SYSTEM,,0x00000000000003e7
2026-01-14T06:44:53.996534,Security,4672,SYSTEM,,0x00000000000003e7
2026-01-14T06:44:54.196489,Security,4624,NETWORK SERVICE,,0x00000000000003e4
2026-01-14T06:44:54.196493,Security,4672,NETWORK SERVICE,,0x00000000000003e4
2026-01-14T06:44:54.261831,Security,4624,SYSTEM,,0x00000000000003e7
2026-01-14T06:44:54.261837,Security,4672,SYSTEM,,0x00000000000003e7
2026-01-14T06:44:54.351210,Security,4624,DWM-1,,0x0000000000013389
2026-01-14T06:44:54.351221,Security,4624,DWM-1,,0x00000000000133c6
2026-01-14T06:44:54.351229,Security,4672,DWM-1,,0x0000000000013389
2026-01-14T06:44:54.351231,Security,4672,DWM-1,,0x00000000000133c6
2026-01-14T06:44:54.479776,Security,4624,SYSTEM,,0x00000000000003e7
2026-01-14T06:44:54.479784,Security,4672,SYSTEM,,0x00000000000003e7
2026-01-14T06:44:54.483624,Security,4624,SYSTEM,,0x00000000000003e7
2026-01-14T06:44:54.483629,Security,4672,SYSTEM,,0x00000000000003e7
2026-01-14T06:44:54.498705,Security,4624,LOCAL SERVICE,,0x00000000000003e5
2026-01-14T06:44:54.498711,Security,4672,LOCAL SERVICE,,0x00000000000003e5
2026-01-14T06:44:54.547413,Security,4624,SYSTEM,,0x00000000000003e7
2026-01-14T06:44:54.547419,Security,4672,SYSTEM,,0x00000000000003e7
2026-01-14T06:44:54.594320,Security,4624,SYSTEM,,0x00000000000003e7
2026-01-14T06:44:54.594326,Security,4672,SYSTEM,,0x00000000000003e7
2026-01-14T06:44:54.652777,Security,4624,SYSTEM,,0x00000000000003e7
2026-01-14T06:44:54.652924,Security,4672,SYSTEM,,0x00000000000003e7
2026-01-14T06:44:54.825777,Security,4624,SYSTEM,,0x00000000000003e7
2026-01-14T06:44:54.825783,Security,4672,SYSTEM,,0x00000000000003e7
2026-01-14T06:44:54.862173,Security,4624,SYSTEM,,0x00000000000003e7
2026-01-14T06:44:54.862181,Security,4672,SYSTEM,,0x00000000000003e7
2026-01-14T06:44:55.113455,Security,4624,SYSTEM,,0x00000000000003e7
2026-01-14T06:44:55.113462,Security,4672,SYSTEM,,0x00000000000003e7
2026-01-14T06:44:55.116867,Security,4624,SYSTEM,,0x00000000000003e7
2026-01-14T06:44:55.116871,Security,4672,SYSTEM,,0x00000000000003e7
2026-01-14T06:44:55.180990,Security,4624,SYSTEM,,0x00000000000003e7
2026-01-14T06:44:55.180996,Security,4672,SYSTEM,,0x00000000000003e7
2026-01-14T06:44:55.309580,Security,4624,SYSTEM,,0x00000000000003e7
2026-01-14T06:44:55.309587,Security,4672,SYSTEM,,0x00000000000003e7
2026-01-14T06:44:55.349459,Security,4624,Michael Lee,,0x000000000001c0ef
2026-01-14T06:44:55.349472,Security,4624,Michael Lee,,0x000000000001c155
2026-01-14T06:44:55.349476,Security,4672,Michael Lee,,0x000000000001c0ef
2026-01-14T06:44:55.512144,Security,4624,SYSTEM,,0x00000000000003e7
2026-01-14T06:44:55.512152,Security,4672,SYSTEM,,0x00000000000003e7
2026-01-14T06:44:55.669476,Security,4624,SYSTEM,,0x00000000000003e7
2026-01-14T06:44:55.669481,Security,4672,SYSTEM,,0x00000000000003e7
2026-01-14T06:44:55.948547,Security,4624,SYSTEM,,0x00000000000003e7
2026-01-14T06:44:55.948551,Security,4672,SYSTEM,,0x00000000000003e7
2026-01-14T06:44:56.119490,Security,4624,SYSTEM,,0x00000000000003e7
2026-01-14T06:44:56.119493,Security,4672,SYSTEM,,0x00000000000003e7
2026-01-14T06:44:56.539976,Security,4624,SYSTEM,,0x00000000000003e7
2026-01-14T06:44:56.539982,Security,4672,SYSTEM,,0x00000000000003e7
2026-01-14T06:44:56.548883,Security,4624,SYSTEM,,0x00000000000003e7
2026-01-14T06:44:56.548887,Security,4672,SYSTEM,,0x00000000000003e7
2026-01-14T06:44:56.599403,Security,4624,SYSTEM,,0x00000000000003e7
2026-01-14T06:44:56.599409,Security,4672,SYSTEM,,0x00000000000003e7
2026-01-14T06:44:56.611130,Security,4624,SYSTEM,,0x00000000000003e7
2026-01-14T06:44:56.611135,Security,4672,SYSTEM,,0x00000000000003e7
2026-01-14T06:44:56.621614,Security,4624,SYSTEM,,0x00000000000003e7
2026-01-14T06:44:56.621620,Security,4672,SYSTEM,,0x00000000000003e7
2026-01-14T06:44:56.631783,Security,4624,SYSTEM,,0x00000000000003e7
2026-01-14T06:44:56.631786,Security,4672,SYSTEM,,0x00000000000003e7
2026-01-14T06:44:56.635176,Security,4624,SYSTEM,,0x00000000000003e7
2026-01-14T06:44:56.635180,Security,4672,SYSTEM,,0x00000000000003e7
2026-01-14T06:44:58.085472,Security,4624,SYSTEM,,0x00000000000003e7
2026-01-14T06:44:58.085478,Security,4672,SYSTEM,,0x00000000000003e7
2026-01-14T06:44:58.085630,Security,4624,SYSTEM,,0x00000000000003e7
2026-01-14T06:44:58.085634,Security,4672,SYSTEM,,0x00000000000003e7
2026-01-14T06:44:58.146200,LSM,21,Michael\Michael Lee,LOCAL,
2026-01-14T06:44:58.238949,LSM,22,Michael\Michael Lee,LOCAL,
2026-01-14T06:44:58.530403,Security,4624,SYSTEM,,0x00000000000003e7
2026-01-14T06:44:58.530409,Security,4672,SYSTEM,,0x00000000000003e7
2026-01-14T06:45:00.444321,Security,4624,SYSTEM,,0x00000000000003e7
2026-01-14T06:45:00.444328,Security,4672,SYSTEM,,0x00000000000003e7
2026-01-14T06:45:00.626402,Security,4624,SYSTEM,,0x00000000000003e7
2026-01-14T06:45:00.626408,Security,4672,SYSTEM,,0x00000000000003e7
2026-01-14T06:45:01.048447,Security,4624,SYSTEM,,0x00000000000003e7
2026-01-14T06:45:01.048450,Security,4672,SYSTEM,,0x00000000000003e7
2026-01-14T06:45:02.006245,Security,4624,SYSTEM,,0x00000000000003e7
2026-01-14T06:45:02.006250,Security,4672,SYSTEM,,0x00000000000003e7
2026-01-14T06:45:03.091917,Security,4624,SYSTEM,,0x00000000000003e7
2026-01-14T06:45:03.091927,Security,4672,SYSTEM,,0x00000000000003e7
2026-01-14T06:45:03.376812,Security,4624,SYSTEM,,0x00000000000003e7
2026-01-14T06:45:03.376820,Security,4672,SYSTEM,,0x00000000000003e7
2026-01-14T06:45:06.595802,Security,4624,SYSTEM,,0x00000000000003e7
2026-01-14T06:45:06.595808,Security,4672,SYSTEM,,0x00000000000003e7
2026-01-14T06:45:08.021374,Security,4624,SYSTEM,,0x00000000000003e7
2026-01-14T06:45:08.021379,Security,4672,SYSTEM,,0x00000000000003e7
2026-01-14T06:45:08.204317,Security,4624,Michael Lee,,0x000000000007e1e4
2026-01-14T06:45:08.204330,Security,4624,Michael Lee,,0x000000000007e215
2026-01-14T06:45:08.204336,Security,4672,Michael Lee,,0x000000000007e1e4
2026-01-14T06:45:08.205231,Security,4634,Michael Lee,,0x000000000007e215
2026-01-14T06:45:08.306602,Security,4634,Michael Lee,,0x000000000007e1e4
2026-01-14T06:45:08.786268,Security,4624,SYSTEM,,0x00000000000003e7
2026-01-14T06:45:08.786274,Security,4672,SYSTEM,,0x00000000000003e7
2026-01-14T06:45:08.888212,Security,4624,SYSTEM,,0x00000000000003e7
2026-01-14T06:45:08.888218,Security,4672,SYSTEM,,0x00000000000003e7
2026-01-14T06:45:16.370428,Security,4624,SYSTEM,,0x00000000000003e7
2026-01-14T06:45:16.370434,Security,4672,SYSTEM,,0x00000000000003e7
2026-01-14T06:45:20.775661,Security,4624,SYSTEM,,0x00000000000003e7
2026-01-14T06:45:20.775669,Security,4672,SYSTEM,,0x00000000000003e7
2026-01-14T06:45:48.342367,Security,4624,SYSTEM,,0x00000000000003e7
2026-01-14T06:45:48.342373,Security,4672,SYSTEM,,0x00000000000003e7
2026-01-14T06:46:10.021914,Security,4624,SYSTEM,,0x00000000000003e7
2026-01-14T06:46:10.021921,Security,4672,SYSTEM,,0x00000000000003e7
2026-01-14T06:46:58.319654,Security,4624,SYSTEM,,0x00000000000003e7
2026-01-14T06:46:58.319660,Security,4672,SYSTEM,,0x00000000000003e7
2026-01-14T06:46:58.654352,Security,4624,SYSTEM,,0x00000000000003e7
2026-01-14T06:46:58.654360,Security,4672,SYSTEM,,0x00000000000003e7
2026-01-14T06:46:58.665533,Security,4624,SYSTEM,,0x00000000000003e7
2026-01-14T06:46:58.665537,Security,4672,SYSTEM,,0x00000000000003e7
2026-01-14T06:46:59.138832,Security,4624,SYSTEM,,0x00000000000003e7
2026-01-14T06:46:59.138836,Security,4672,SYSTEM,,0x00000000000003e7
2026-01-14T06:46:59.874331,Security,4624,SYSTEM,,0x00000000000003e7
2026-01-14T06:46:59.874338,Security,4672,SYSTEM,,0x00000000000003e7
2026-01-14T06:47:00.868916,Security,4624,SYSTEM,,0x00000000000003e7
2026-01-14T06:47:00.868925,Security,4672,SYSTEM,,0x00000000000003e7
2026-01-14T06:47:01.038752,Security,4624,SYSTEM,,0x00000000000003e7
2026-01-14T06:47:01.038757,Security,4672,SYSTEM,,0x00000000000003e7
2026-01-14T06:47:19.172874,Security,4624,SYSTEM,,0x00000000000003e7
2026-01-14T06:47:19.172880,Security,4672,SYSTEM,,0x00000000000003e7
2026-01-14T06:50:30.936014,Security,4624,SYSTEM,,0x00000000000003e7
2026-01-14T06:50:30.936020,Security,4672,SYSTEM,,0x00000000000003e7
2026-01-14T06:50:32.111530,Security,4624,SYSTEM,,0x00000000000003e7
2026-01-14T06:50:32.111538,Security,4672,SYSTEM,,0x00000000000003e7
2026-01-14T06:50:32.175419,Security,4624,SYSTEM,,0x00000000000003e7
2026-01-14T06:50:32.175423,Security,4672,SYSTEM,,0x00000000000003e7
2026-01-14T06:55:21.061514,Security,4624,SYSTEM,,0x00000000000003e7
2026-01-14T06:55:21.061520,Security,4672,SYSTEM,,0x00000000000003e7
2026-01-14T06:55:55.084171,Security,4624,SYSTEM,,0x00000000000003e7
2026-01-14T06:55:55.084179,Security,4672,SYSTEM,,0x00000000000003e7
2026-01-14T06:55:58.021584,Security,4624,SYSTEM,,0x00000000000003e7
2026-01-14T06:55:58.021587,Security,4672,SYSTEM,,0x00000000000003e7
2026-01-14T06:56:36.519205,Security,4624,SYSTEM,,0x00000000000003e7
2026-01-14T06:56:36.519213,Security,4672,SYSTEM,,0x00000000000003e7
2026-01-14T06:57:51.582554,Security,4624,SYSTEM,,0x00000000000003e7
2026-01-14T06:57:51.582561,Security,4672,SYSTEM,,0x00000000000003e7
2026-01-14T06:58:48.670584,Security,4624,SYSTEM,,0x00000000000003e7
2026-01-14T06:58:48.670589,Security,4672,SYSTEM,,0x00000000000003e7
2026-01-14T06:59:59.422993,Security,4624,SYSTEM,,0x00000000000003e7
2026-01-14T06:59:59.423035,Security,4672,SYSTEM,,0x00000000000003e7
2026-01-14T07:05:14.000975,Security,4624,SYSTEM,,0x00000000000003e7
2026-01-14T07:05:14.000980,Security,4672,SYSTEM,,0x00000000000003e7
2026-01-14T07:07:32.433002,Security,4624,SYSTEM,,0x00000000000003e7
2026-01-14T07:07:32.433008,Security,4672,SYSTEM,,0x00000000000003e7
2026-01-14T07:09:29.260803,Security,4624,SYSTEM,,0x00000000000003e7
2026-01-14T07:09:29.260809,Security,4672,SYSTEM,,0x00000000000003e7
2026-01-14T07:09:30.177490,Security,4624,SYSTEM,,0x00000000000003e7
2026-01-14T07:09:30.177498,Security,4672,SYSTEM,,0x00000000000003e7
2026-01-14T07:09:31.010908,Security,4624,SYSTEM,,0x00000000000003e7
2026-01-14T07:09:31.010914,Security,4672,SYSTEM,,0x00000000000003e7
2026-01-14T07:19:36.875448,Security,4624,SYSTEM,,0x00000000000003e7
2026-01-14T07:19:36.875475,Security,4672,SYSTEM,,0x00000000000003e7
2026-01-14T07:20:14.221348,Security,4624,SYSTEM,,0x00000000000003e7
2026-01-14T07:20:14.221354,Security,4672,SYSTEM,,0x00000000000003e7
2026-01-14T07:21:07.671778,Security,4624,SYSTEM,,0x00000000000003e7
2026-01-14T07:21:07.671814,Security,4672,SYSTEM,,0x00000000000003e7
2026-01-14T07:21:07.780308,Security,4624,SYSTEM,,0x00000000000003e7
2026-01-14T07:21:07.780315,Security,4672,SYSTEM,,0x00000000000003e7
2026-01-14T07:27:55.098629,Security,4624,SYSTEM,,0x00000000000003e7
2026-01-14T07:27:55.098660,Security,4672,SYSTEM,,0x00000000000003e7
2026-01-14T07:29:54.377447,Security,4624,SYSTEM,,0x00000000000003e7
2026-01-14T07:29:54.377457,Security,4672,SYSTEM,,0x00000000000003e7
2026-01-14T07:29:55.699200,Security,4624,SYSTEM,,0x00000000000003e7
2026-01-14T07:29:55.699205,Security,4672,SYSTEM,,0x00000000000003e7
2026-01-14T07:36:50.435295,Security,4624,SYSTEM,,0x00000000000003e7
2026-01-14T07:36:50.435301,Security,4672,SYSTEM,,0x00000000000003e7
2026-01-14T07:44:56.284973,Security,4624,SYSTEM,,0x00000000000003e7
2026-01-14T07:44:56.284981,Security,4672,SYSTEM,,0x00000000000003e7
2026-01-14T07:45:21.121304,Security,4624,SYSTEM,,0x00000000000003e7
2026-01-14T07:45:21.121311,Security,4672,SYSTEM,,0x00000000000003e7
2026-01-14T08:00:21.200911,Security,4624,SYSTEM,,0x00000000000003e7
2026-01-14T08:00:21.200926,Security,4672,SYSTEM,,0x00000000000003e7
2026-01-14T08:01:34.350475,Security,4624,SYSTEM,,0x00000000000003e7
2026-01-14T08:01:34.350483,Security,4672,SYSTEM,,0x00000000000003e7
2026-01-14T08:02:01.640703,Security,4624,SYSTEM,,0x00000000000003e7
2026-01-14T08:02:01.640709,Security,4672,SYSTEM,,0x00000000000003e7
2026-01-14T08:09:18.334412,Security,4624,SYSTEM,,0x00000000000003e7
2026-01-14T08:09:18.334419,Security,4672,SYSTEM,,0x00000000000003e7
2026-01-14T08:09:20.089920,Security,4624,SYSTEM,,0x00000000000003e7
2026-01-14T08:09:20.089924,Security,4672,SYSTEM,,0x00000000000003e7
2026-01-14T08:09:20.933140,Security,4624,SYSTEM,,0x00000000000003e7
2026-01-14T08:09:20.933146,Security,4672,SYSTEM,,0x00000000000003e7
2026-01-14T08:09:22.365118,Security,4624,SYSTEM,,0x00000000000003e7
2026-01-14T08:09:22.365122,Security,4672,SYSTEM,,0x00000000000003e7
2026-01-14T08:09:23.244818,Security,4624,SYSTEM,,0x00000000000003e7
2026-01-14T08:09:23.244823,Security,4672,SYSTEM,,0x00000000000003e7
2026-01-14T08:09:26.696552,Security,4624,SYSTEM,,0x00000000000003e7
2026-01-14T08:09:26.696558,Security,4672,SYSTEM,,0x00000000000003e7
2026-01-14T08:09:44.697872,Security,4624,SYSTEM,,0x00000000000003e7
2026-01-14T08:09:44.697878,Security,4672,SYSTEM,,0x00000000000003e7
2026-01-14T08:10:09.421099,Security,4624,SYSTEM,,0x00000000000003e7
2026-01-14T08:10:09.421103,Security,4672,SYSTEM,,0x00000000000003e7
2026-01-14T08:10:20.642574,Security,4624,SYSTEM,,0x00000000000003e7
2026-01-14T08:10:20.642582,Security,4672,SYSTEM,,0x00000000000003e7
2026-01-14T08:10:22.858091,Security,4624,SYSTEM,,0x00000000000003e7
2026-01-14T08:10:22.858097,Security,4672,SYSTEM,,0x00000000000003e7
2026-01-14T08:11:29.312864,Security,4624,SYSTEM,,0x00000000000003e7
2026-01-14T08:11:29.312872,Security,4672,SYSTEM,,0x00000000000003e7
2026-01-14T08:13:10.016306,Security,4624,SYSTEM,,0x00000000000003e7
2026-01-14T08:13:10.016310,Security,4672,SYSTEM,,0x00000000000003e7
2026-01-14T08:14:05.397022,Security,4624,SYSTEM,,0x00000000000003e7
2026-01-14T08:14:05.397026,Security,4672,SYSTEM,,0x00000000000003e7
2026-01-14T08:16:20.324402,Security,4624,SYSTEM,,0x00000000000003e7
2026-01-14T08:16:20.324409,Security,4672,SYSTEM,,0x00000000000003e7
2026-01-14T08:16:27.471008,Security,4624,SYSTEM,,0x00000000000003e7
2026-01-14T08:16:27.471016,Security,4672,SYSTEM,,0x00000000000003e7
2026-01-14T08:23:08.212120,Security,4624,SYSTEM,,0x00000000000003e7
2026-01-14T08:23:08.212128,Security,4672,SYSTEM,,0x00000000000003e7
2026-01-14T08:23:08.646891,Security,4624,SYSTEM,,0x00000000000003e7
2026-01-14T08:23:08.646896,Security,4672,SYSTEM,,0x00000000000003e7
2026-01-14T08:27:34.942369,Security,4624,SYSTEM,,0x00000000000003e7
2026-01-14T08:27:34.942375,Security,4672,SYSTEM,,0x00000000000003e7
2026-01-14T08:27:44.373278,Security,4624,SYSTEM,,0x00000000000003e7
2026-01-14T08:27:44.373283,Security,4672,SYSTEM,,0x00000000000003e7
2026-01-14T08:27:46.097353,Security,4624,SYSTEM,,0x00000000000003e7
2026-01-14T08:27:46.097359,Security,4672,SYSTEM,,0x00000000000003e7
2026-01-14T08:28:39.045086,Security,4624,SYSTEM,,0x00000000000003e7
2026-01-14T08:28:39.045092,Security,4672,SYSTEM,,0x00000000000003e7
2026-01-14T08:29:40.302244,LSM,23,Michael\Michael Lee,,
2026-01-14T08:29:40.357714,Security,4624,SYSTEM,,0x00000000000003e7
2026-01-14T08:29:40.357737,Security,4672,SYSTEM,,0x00000000000003e7
2026-01-15T04:40:46.175091,Security,4624,SYSTEM,,0x00000000000003e7
2026-01-15T04:40:46.484926,Security,4624,UMFD-0,,0x000000000000cf50
2026-01-15T04:40:46.485041,Security,4624,UMFD-1,,0x000000000000cf5a
2026-01-15T04:40:46.496775,Security,4624,SYSTEM,,0x00000000000003e7
2026-01-15T04:40:46.496782,Security,4672,SYSTEM,,0x00000000000003e7
2026-01-15T04:40:46.712746,Security,4624,NETWORK SERVICE,,0x00000000000003e4
2026-01-15T04:40:46.712751,Security,4672,NETWORK SERVICE,,0x00000000000003e4
2026-01-15T04:40:46.772646,Security,4624,SYSTEM,,0x00000000000003e7
2026-01-15T04:40:46.772652,Security,4672,SYSTEM,,0x00000000000003e7
2026-01-15T04:40:46.881041,Security,4624,DWM-1,,0x000000000001338a
2026-01-15T04:40:46.881058,Security,4624,DWM-1,,0x00000000000133db
2026-01-15T04:40:46.881062,Security,4672,DWM-1,,0x000000000001338a
2026-01-15T04:40:46.881063,Security,4672,DWM-1,,0x00000000000133db
2026-01-15T04:40:47.001535,Security,4624,SYSTEM,,0x00000000000003e7
2026-01-15T04:40:47.001541,Security,4672,SYSTEM,,0x00000000000003e7
2026-01-15T04:40:47.002920,Security,4624,SYSTEM,,0x00000000000003e7
2026-01-15T04:40:47.002924,Security,4672,SYSTEM,,0x00000000000003e7
2026-01-15T04:40:47.018620,Security,4624,LOCAL SERVICE,,0x00000000000003e5
2026-01-15T04:40:47.018627,Security,4672,LOCAL SERVICE,,0x00000000000003e5
2026-01-15T04:40:47.042295,Security,4624,SYSTEM,,0x00000000000003e7
2026-01-15T04:40:47.042303,Security,4672,SYSTEM,,0x00000000000003e7
2026-01-15T04:40:47.107792,Security,4624,SYSTEM,,0x00000000000003e7
2026-01-15T04:40:47.107798,Security,4672,SYSTEM,,0x00000000000003e7
2026-01-15T04:40:47.127851,Security,4624,SYSTEM,,0x00000000000003e7
2026-01-15T04:40:47.127857,Security,4672,SYSTEM,,0x00000000000003e7
2026-01-15T04:40:47.206331,Security,4624,SYSTEM,,0x00000000000003e7
2026-01-15T04:40:47.206341,Security,4672,SYSTEM,,0x00000000000003e7
2026-01-15T04:40:47.333559,Security,4624,SYSTEM,,0x00000000000003e7
2026-01-15T04:40:47.333569,Security,4672,SYSTEM,,0x00000000000003e7
2026-01-15T04:40:47.608953,Security,4624,SYSTEM,,0x00000000000003e7
2026-01-15T04:40:47.608959,Security,4672,SYSTEM,,0x00000000000003e7
2026-01-15T04:40:47.619194,Security,4624,SYSTEM,,0x00000000000003e7
2026-01-15T04:40:47.619314,Security,4672,SYSTEM,,0x00000000000003e7
2026-01-15T04:40:47.756058,Security,4624,SYSTEM,,0x00000000000003e7
2026-01-15T04:40:47.756067,Security,4672,SYSTEM,,0x00000000000003e7
2026-01-15T04:40:47.831821,Security,4624,Michael Lee,,0x000000000001a974
2026-01-15T04:40:47.831839,Security,4624,Michael Lee,,0x000000000001a9ca
2026-01-15T04:40:47.831844,Security,4672,Michael Lee,,0x000000000001a974
2026-01-15T04:40:47.866051,Security,4624,SYSTEM,,0x00000000000003e7
2026-01-15T04:40:47.866056,Security,4672,SYSTEM,,0x00000000000003e7
2026-01-15T04:40:48.207872,Security,4624,SYSTEM,,0x00000000000003e7
2026-01-15T04:40:48.207880,Security,4672,SYSTEM,,0x00000000000003e7
2026-01-15T04:40:48.316298,Security,4624,SYSTEM,,0x00000000000003e7
2026-01-15T04:40:48.316303,Security,4672,SYSTEM,,0x00000000000003e7
2026-01-15T04:40:48.731026,Security,4624,SYSTEM,,0x00000000000003e7
2026-01-15T04:40:48.731030,Security,4672,SYSTEM,,0x00000000000003e7
2026-01-15T04:40:48.922529,Security,4624,SYSTEM,,0x00000000000003e7
2026-01-15T04:40:48.922535,Security,4672,SYSTEM,,0x00000000000003e7
2026-01-15T04:40:49.384916,Security,4624,SYSTEM,,0x00000000000003e7
2026-01-15T04:40:49.384920,Security,4672,SYSTEM,,0x00000000000003e7
2026-01-15T04:40:49.393457,Security,4624,SYSTEM,,0x00000000000003e7
2026-01-15T04:40:49.393463,Security,4672,SYSTEM,,0x00000000000003e7
2026-01-15T04:40:49.455391,Security,4624,SYSTEM,,0x00000000000003e7
2026-01-15T04:40:49.455397,Security,4672,SYSTEM,,0x00000000000003e7
2026-01-15T04:40:49.470938,Security,4624,SYSTEM,,0x00000000000003e7
2026-01-15T04:40:49.470942,Security,4672,SYSTEM,,0x00000000000003e7
2026-01-15T04:40:49.479004,Security,4624,SYSTEM,,0x00000000000003e7
2026-01-15T04:40:49.479012,Security,4672,SYSTEM,,0x00000000000003e7
2026-01-15T04:40:49.481522,Security,4624,SYSTEM,,0x00000000000003e7
2026-01-15T04:40:49.481525,Security,4672,SYSTEM,,0x00000000000003e7
2026-01-15T04:40:49.490816,Security,4624,SYSTEM,,0x00000000000003e7
2026-01-15T04:40:49.490824,Security,4672,SYSTEM,,0x00000000000003e7
2026-01-15T04:40:51.302481,Security,4624,SYSTEM,,0x00000000000003e7
2026-01-15T04:40:51.302481,Security,4624,SYSTEM,,0x00000000000003e7
2026-01-15T04:40:51.302488,Security,4672,SYSTEM,,0x00000000000003e7
2026-01-15T04:40:51.302488,Security,4672,SYSTEM,,0x00000000000003e7
2026-01-15T04:40:51.396976,LSM,21,Michael\Michael Lee,LOCAL,
2026-01-15T04:40:51.488926,LSM,22,Michael\Michael Lee,LOCAL,
2026-01-15T04:40:52.024769,Security,4624,SYSTEM,,0x00000000000003e7
2026-01-15T04:40:52.024775,Security,4672,SYSTEM,,0x00000000000003e7
2026-01-15T04:40:54.053331,Security,4624,SYSTEM,,0x00000000000003e7
2026-01-15T04:40:54.053339,Security,4672,SYSTEM,,0x00000000000003e7
2026-01-15T04:40:54.846851,Security,4624,SYSTEM,,0x00000000000003e7
2026-01-15T04:40:54.846861,Security,4672,SYSTEM,,0x00000000000003e7
2026-01-15T04:40:55.865885,Security,4624,SYSTEM,,0x00000000000003e7
2026-01-15T04:40:55.865908,Security,4672,SYSTEM,,0x00000000000003e7
2026-01-15T04:40:56.794334,Security,4624,SYSTEM,,0x00000000000003e7
2026-01-15T04:40:56.794340,Security,4672,SYSTEM,,0x00000000000003e7
2026-01-15T04:40:56.929585,Security,4624,SYSTEM,,0x00000000000003e7
2026-01-15T04:40:56.929590,Security,4672,SYSTEM,,0x00000000000003e7
2026-01-15T04:40:56.984701,Security,4624,SYSTEM,,0x00000000000003e7
2026-01-15T04:40:56.984709,Security,4672,SYSTEM,,0x00000000000003e7
2026-01-15T04:41:03.215229,Security,4624,SYSTEM,,0x00000000000003e7
2026-01-15T04:41:03.215237,Security,4672,SYSTEM,,0x00000000000003e7
2026-01-15T04:41:12.508146,Security,4624,SYSTEM,,0x00000000000003e7
2026-01-15T04:41:12.508154,Security,4672,SYSTEM,,0x00000000000003e7
2026-01-15T04:41:14.752169,Security,4624,SYSTEM,,0x00000000000003e7
2026-01-15T04:41:14.752176,Security,4672,SYSTEM,,0x00000000000003e7
2026-01-15T04:41:16.671139,Security,4624,SYSTEM,,0x00000000000003e7
2026-01-15T04:41:16.671143,Security,4672,SYSTEM,,0x00000000000003e7
2026-01-15T04:41:17.855825,Security,4624,SYSTEM,,0x00000000000003e7
2026-01-15T04:41:17.855829,Security,4672,SYSTEM,,0x00000000000003e7
2026-01-15T04:41:20.641186,Security,4624,SYSTEM,,0x00000000000003e7
2026-01-15T04:41:20.641190,Security,4672,SYSTEM,,0x00000000000003e7
2026-01-15T04:41:40.275183,Security,4624,SYSTEM,,0x00000000000003e7
2026-01-15T04:41:40.275190,Security,4672,SYSTEM,,0x00000000000003e7
2026-01-15T04:42:17.627287,Security,4624,SYSTEM,,0x00000000000003e7
2026-01-15T04:42:17.627295,Security,4672,SYSTEM,,0x00000000000003e7
2026-01-15T04:42:40.937376,Security,4624,SYSTEM,,0x00000000000003e7
2026-01-15T04:42:40.937399,Security,4672,SYSTEM,,0x00000000000003e7
2026-01-15T04:42:41.053387,Security,4624,SYSTEM,,0x00000000000003e7
2026-01-15T04:42:41.053392,Security,4672,SYSTEM,,0x00000000000003e7
2026-01-15T04:42:41.459219,Security,4624,SYSTEM,,0x00000000000003e7
2026-01-15T04:42:41.459225,Security,4672,SYSTEM,,0x00000000000003e7
2026-01-15T04:42:51.774944,Security,4624,SYSTEM,,0x00000000000003e7
2026-01-15T04:42:51.774952,Security,4672,SYSTEM,,0x00000000000003e7
2026-01-15T04:42:52.258696,Security,4624,SYSTEM,,0x00000000000003e7
2026-01-15T04:42:52.258701,Security,4672,SYSTEM,,0x00000000000003e7
2026-01-15T04:42:52.791262,Security,4624,SYSTEM,,0x00000000000003e7
2026-01-15T04:42:52.791269,Security,4672,SYSTEM,,0x00000000000003e7
2026-01-15T04:43:45.387621,Security,4624,SYSTEM,,0x00000000000003e7
2026-01-15T04:43:45.387629,Security,4672,SYSTEM,,0x00000000000003e7
2026-01-15T04:43:45.495657,Security,4624,SYSTEM,,0x00000000000003e7
2026-01-15T04:43:45.495663,Security,4672,SYSTEM,,0x00000000000003e7
2026-01-15T04:43:50.073441,Security,4624,Michael Lee,,0x000000000017a5e0
2026-01-15T04:43:50.073452,Security,4624,Michael Lee,,0x000000000017a635
2026-01-15T04:43:50.073458,Security,4672,Michael Lee,,0x000000000017a5e0
2026-01-15T04:43:50.074282,Security,4634,Michael Lee,,0x000000000017a635
2026-01-15T04:43:50.103247,Security,4634,Michael Lee,,0x000000000017a5e0
2026-01-15T04:48:57.730597,Security,4624,SYSTEM,,0x00000000000003e7
2026-01-15T04:48:57.730602,Security,4672,SYSTEM,,0x00000000000003e7
2026-01-15T04:48:58.143921,Security,4624,SYSTEM,,0x00000000000003e7
2026-01-15T04:48:58.143927,Security,4672,SYSTEM,,0x00000000000003e7
2026-01-15T04:48:58.515764,Security,4624,SYSTEM,,0x00000000000003e7
2026-01-15T04:48:58.515768,Security,4672,SYSTEM,,0x00000000000003e7
2026-01-15T04:48:59.302114,Security,4624,SYSTEM,,0x00000000000003e7
2026-01-15T04:48:59.302120,Security,4672,SYSTEM,,0x00000000000003e7
2026-01-15T04:48:59.366150,Security,4624,SYSTEM,,0x00000000000003e7
2026-01-15T04:48:59.366156,Security,4672,SYSTEM,,0x00000000000003e7
2026-01-15T04:49:01.580090,LSM,23,Michael\Michael Lee,,
2026-01-15T04:49:01.615303,Security,4624,SYSTEM,,0x00000000000003e7
2026-01-15T04:49:01.615311,Security,4672,SYSTEM,,0x00000000000003e7
2026-01-15T05:15:14.130028,Security,4624,SYSTEM,,0x00000000000003e7
2026-01-15T05:15:14.571510,Security,4624,UMFD-1,,0x000000000000cf32
2026-01-15T05:15:14.571606,Security,4624,SYSTEM,,0x00000000000003e7
2026-01-15T05:15:14.571611,Security,4672,SYSTEM,,0x00000000000003e7
2026-01-15T05:15:14.571903,Security,4624,UMFD-0,,0x000000000000cf28
2026-01-15T05:15:14.839989,Security,4624,NETWORK SERVICE,,0x00000000000003e4
2026-01-15T05:15:14.839994,Security,4672,NETWORK SERVICE,,0x00000000000003e4
2026-01-15T05:15:14.925688,Security,4624,SYSTEM,,0x00000000000003e7
2026-01-15T05:15:14.925695,Security,4672,SYSTEM,,0x00000000000003e7
2026-01-15T05:15:15.148680,Security,4624,DWM-1,,0x00000000000134a5
2026-01-15T05:15:15.148691,Security,4624,DWM-1,,0x00000000000134c8
2026-01-15T05:15:15.148695,Security,4672,DWM-1,,0x00000000000134a5
2026-01-15T05:15:15.148697,Security,4672,DWM-1,,0x00000000000134c8
2026-01-15T05:15:15.318172,Security,4624,SYSTEM,,0x00000000000003e7
2026-01-15T05:15:15.318180,Security,4672,SYSTEM,,0x00000000000003e7
2026-01-15T05:15:15.318293,Security,4624,SYSTEM,,0x00000000000003e7
2026-01-15T05:15:15.318296,Security,4672,SYSTEM,,0x00000000000003e7
2026-01-15T05:15:15.339094,Security,4624,LOCAL SERVICE,,0x00000000000003e5
2026-01-15T05:15:15.339104,Security,4672,LOCAL SERVICE,,0x00000000000003e5
2026-01-15T05:15:15.391331,Security,4624,SYSTEM,,0x00000000000003e7
2026-01-15T05:15:15.391338,Security,4672,SYSTEM,,0x00000000000003e7
2026-01-15T05:15:15.478001,Security,4624,SYSTEM,,0x00000000000003e7
2026-01-15T05:15:15.478008,Security,4672,SYSTEM,,0x00000000000003e7
2026-01-15T05:15:15.519396,Security,4624,SYSTEM,,0x00000000000003e7
2026-01-15T05:15:15.519405,Security,4672,SYSTEM,,0x00000000000003e7
2026-01-15T05:15:15.681091,Security,4624,SYSTEM,,0x00000000000003e7
2026-01-15T05:15:15.681101,Security,4672,SYSTEM,,0x00000000000003e7
2026-01-15T05:15:15.716848,Security,4624,SYSTEM,,0x00000000000003e7
2026-01-15T05:15:15.716856,Security,4672,SYSTEM,,0x00000000000003e7
2026-01-15T05:15:15.745659,Security,4624,SYSTEM,,0x00000000000003e7
2026-01-15T05:15:15.745667,Security,4672,SYSTEM,,0x00000000000003e7
2026-01-15T05:15:15.807293,Security,4624,SYSTEM,,0x00000000000003e7
2026-01-15T05:15:15.807301,Security,4672,SYSTEM,,0x00000000000003e7
2026-01-15T05:15:15.877823,Security,4624,SYSTEM,,0x00000000000003e7
2026-01-15T05:15:15.877831,Security,4672,SYSTEM,,0x00000000000003e7
2026-01-15T05:15:16.114202,Security,4624,SYSTEM,,0x00000000000003e7
2026-01-15T05:15:16.114208,Security,4672,SYSTEM,,0x00000000000003e7
2026-01-15T05:15:16.154110,Security,4624,SYSTEM,,0x00000000000003e7
2026-01-15T05:15:16.154116,Security,4672,SYSTEM,,0x00000000000003e7
2026-01-15T05:15:16.396091,Security,4624,SYSTEM,,0x00000000000003e7
2026-01-15T05:15:16.396099,Security,4672,SYSTEM,,0x00000000000003e7
2026-01-15T05:15:16.396408,Security,4624,SYSTEM,,0x00000000000003e7
2026-01-15T05:15:16.396416,Security,4672,SYSTEM,,0x00000000000003e7
2026-01-15T05:15:16.511545,Security,4624,SYSTEM,,0x00000000000003e7
2026-01-15T05:15:16.511557,Security,4672,SYSTEM,,0x00000000000003e7
2026-01-15T05:15:16.708611,Security,4624,Michael Lee,,0x000000000001d748
2026-01-15T05:15:16.708622,Security,4624,Michael Lee,,0x000000000001d99e
2026-01-15T05:15:16.708626,Security,4672,Michael Lee,,0x000000000001d748
2026-01-15T05:15:17.148863,Security,4624,SYSTEM,,0x00000000000003e7
2026-01-15T05:15:17.148870,Security,4672,SYSTEM,,0x00000000000003e7
2026-01-15T05:15:17.203472,Security,4624,SYSTEM,,0x00000000000003e7
2026-01-15T05:15:17.203480,Security,4672,SYSTEM,,0x00000000000003e7
2026-01-15T05:15:17.678671,Security,4624,SYSTEM,,0x00000000000003e7
2026-01-15T05:15:17.678677,Security,4672,SYSTEM,,0x00000000000003e7
2026-01-15T05:15:17.800756,Security,4624,SYSTEM,,0x00000000000003e7
2026-01-15T05:15:17.800760,Security,4672,SYSTEM,,0x00000000000003e7
2026-01-15T05:15:18.431431,Security,4624,SYSTEM,,0x00000000000003e7
2026-01-15T05:15:18.431437,Security,4672,SYSTEM,,0x00000000000003e7
2026-01-15T05:15:18.443909,Security,4624,SYSTEM,,0x00000000000003e7
2026-01-15T05:15:18.443913,Security,4672,SYSTEM,,0x00000000000003e7
2026-01-15T05:15:18.532162,Security,4624,SYSTEM,,0x00000000000003e7
2026-01-15T05:15:18.532171,Security,4672,SYSTEM,,0x00000000000003e7
2026-01-15T05:15:18.546688,Security,4624,SYSTEM,,0x00000000000003e7
2026-01-15T05:15:18.546762,Security,4672,SYSTEM,,0x00000000000003e7
2026-01-15T05:15:18.553114,Security,4624,SYSTEM,,0x00000000000003e7
2026-01-15T05:15:18.553122,Security,4672,SYSTEM,,0x00000000000003e7
2026-01-15T05:15:18.557827,Security,4624,SYSTEM,,0x00000000000003e7
2026-01-15T05:15:18.557831,Security,4672,SYSTEM,,0x00000000000003e7
2026-01-15T05:15:18.571878,Security,4624,SYSTEM,,0x00000000000003e7
2026-01-15T05:15:18.571888,Security,4672,SYSTEM,,0x00000000000003e7
2026-01-15T05:15:20.721245,Security,4624,SYSTEM,,0x00000000000003e7
2026-01-15T05:15:20.721252,Security,4672,SYSTEM,,0x00000000000003e7
2026-01-15T05:15:20.721312,Security,4624,SYSTEM,,0x00000000000003e7
2026-01-15T05:15:20.721315,Security,4672,SYSTEM,,0x00000000000003e7
2026-01-15T05:15:21.042376,LSM,21,Michael\Michael Lee,LOCAL,
2026-01-15T05:15:21.101950,Security,4624,SYSTEM,,0x00000000000003e7
2026-01-15T05:15:21.101955,Security,4672,SYSTEM,,0x00000000000003e7
2026-01-15T05:15:21.187920,LSM,22,Michael\Michael Lee,LOCAL,
2026-01-15T05:15:21.444141,Security,4624,SYSTEM,,0x00000000000003e7
2026-01-15T05:15:21.444149,Security,4672,SYSTEM,,0x00000000000003e7
2026-01-15T05:15:24.339947,Security,4624,SYSTEM,,0x00000000000003e7
2026-01-15T05:15:24.339952,Security,4672,SYSTEM,,0x00000000000003e7
2026-01-15T05:15:27.150717,Security,4624,SYSTEM,,0x00000000000003e7
2026-01-15T05:15:27.150723,Security,4672,SYSTEM,,0x00000000000003e7
2026-01-15T05:15:27.459753,Security,4624,SYSTEM,,0x00000000000003e7
2026-01-15T05:15:27.459759,Security,4672,SYSTEM,,0x00000000000003e7
2026-01-15T05:15:29.063545,Security,4625,Michael Lee,,0x00000000000003e7
2026-01-15T05:15:32.457727,Security,4624,Michael Lee,,0x0000000000093480
2026-01-15T05:15:32.457741,Security,4624,Michael Lee,,0x00000000000934ae
2026-01-15T05:15:32.457747,Security,4672,Michael Lee,,0x0000000000093480
2026-01-15T05:15:32.459024,Security,4634,Michael Lee,,0x00000000000934ae
2026-01-15T05:15:32.459118,Security,4634,Michael Lee,,0x0000000000093480
2026-01-15T05:15:36.071829,Security,4624,SYSTEM,,0x00000000000003e7
2026-01-15T05:15:36.071836,Security,4672,SYSTEM,,0x00000000000003e7
2026-01-15T05:15:36.675859,Security,4624,SYSTEM,,0x00000000000003e7
2026-01-15T05:15:36.675865,Security,4672,SYSTEM,,0x00000000000003e7
2026-01-15T05:15:38.082909,Security,4624,SYSTEM,,0x00000000000003e7
2026-01-15T05:15:38.082914,Security,4672,SYSTEM,,0x00000000000003e7
2026-01-15T05:15:43.915556,Security,4624,SYSTEM,,0x00000000000003e7
2026-01-15T05:15:43.915562,Security,4672,SYSTEM,,0x00000000000003e7
2026-01-15T05:16:07.048441,Security,4624,SYSTEM,,0x00000000000003e7
2026-01-15T05:16:07.048447,Security,4672,SYSTEM,,0x00000000000003e7
2026-01-15T05:16:11.093584,Security,4624,SYSTEM,,0x00000000000003e7
2026-01-15T05:16:11.093590,Security,4672,SYSTEM,,0x00000000000003e7
2026-01-15T05:17:20.882841,Security,4624,SYSTEM,,0x00000000000003e7
2026-01-15T05:17:20.882849,Security,4672,SYSTEM,,0x00000000000003e7
2026-01-15T05:17:21.221910,Security,4624,SYSTEM,,0x00000000000003e7
2026-01-15T05:17:21.221918,Security,4672,SYSTEM,,0x00000000000003e7
2026-01-15T05:17:21.533892,Security,4624,SYSTEM,,0x00000000000003e7
2026-01-15T05:17:21.533899,Security,4672,SYSTEM,,0x00000000000003e7
2026-01-15T05:17:21.858042,Security,4624,SYSTEM,,0x00000000000003e7
2026-01-15T05:17:21.858047,Security,4672,SYSTEM,,0x00000000000003e7
2026-01-15T05:17:22.265251,Security,4624,SYSTEM,,0x00000000000003e7
2026-01-15T05:17:22.265255,Security,4672,SYSTEM,,0x00000000000003e7
2026-01-15T05:17:22.552629,Security,4624,SYSTEM,,0x00000000000003e7
2026-01-15T05:17:22.552637,Security,4672,SYSTEM,,0x00000000000003e7
2026-01-15T05:19:48.792355,Security,4624,SYSTEM,,0x00000000000003e7
2026-01-15T05:19:48.792360,Security,4672,SYSTEM,,0x00000000000003e7
2026-01-15T05:20:49.775057,Security,4624,SYSTEM,,0x00000000000003e7
2026-01-15T05:20:49.775063,Security,4672,SYSTEM,,0x00000000000003e7
2026-01-15T05:22:37.292620,Security,4624,SYSTEM,,0x00000000000003e7
2026-01-15T05:22:37.292627,Security,4672,SYSTEM,,0x00000000000003e7
2026-01-15T05:22:37.984156,Security,4624,SYSTEM,,0x00000000000003e7
2026-01-15T05:22:37.984163,Security,4672,SYSTEM,,0x00000000000003e7
2026-01-15T05:23:44.623444,Security,4624,SYSTEM,,0x00000000000003e7
2026-01-15T05:23:44.623451,Security,4672,SYSTEM,,0x00000000000003e7
2026-01-15T05:24:59.252226,Security,4624,SYSTEM,,0x00000000000003e7
2026-01-15T05:24:59.252234,Security,4672,SYSTEM,,0x00000000000003e7
2026-01-15T05:25:05.567236,Security,4624,SYSTEM,,0x00000000000003e7
2026-01-15T05:25:05.567242,Security,4672,SYSTEM,,0x00000000000003e7
2026-01-15T05:25:08.002409,Security,4624,SYSTEM,,0x00000000000003e7
2026-01-15T05:25:08.002415,Security,4672,SYSTEM,,0x00000000000003e7
2026-01-15T05:25:11.789272,Security,4624,SYSTEM,,0x00000000000003e7
2026-01-15T05:25:11.789276,Security,4672,SYSTEM,,0x00000000000003e7
2026-01-15T05:25:21.369371,Security,4624,SYSTEM,,0x00000000000003e7
2026-01-15T05:25:21.369375,Security,4672,SYSTEM,,0x00000000000003e7
2026-01-15T05:25:34.046623,Security,4624,SYSTEM,,0x00000000000003e7
2026-01-15T05:25:34.046629,Security,4672,SYSTEM,,0x00000000000003e7
2026-01-15T05:25:40.631674,Security,4624,SYSTEM,,0x00000000000003e7
2026-01-15T05:25:40.631680,Security,4672,SYSTEM,,0x00000000000003e7
2026-01-15T05:26:04.563349,Security,4624,SYSTEM,,0x00000000000003e7
2026-01-15T05:26:04.563354,Security,4672,SYSTEM,,0x00000000000003e7
2026-01-15T05:27:22.714537,Security,4624,SYSTEM,,0x00000000000003e7
2026-01-15T05:27:22.714544,Security,4672,SYSTEM,,0x00000000000003e7
2026-01-15T05:30:17.382343,Security,4624,SYSTEM,,0x00000000000003e7
2026-01-15T05:30:17.382349,Security,4672,SYSTEM,,0x00000000000003e7
2026-01-15T05:30:19.363966,Security,4624,SYSTEM,,0x00000000000003e7
2026-01-15T05:30:19.363970,Security,4672,SYSTEM,,0x00000000000003e7
2026-01-15T05:31:19.296988,Security,4624,SYSTEM,,0x00000000000003e7
2026-01-15T05:31:19.296997,Security,4672,SYSTEM,,0x00000000000003e7
2026-01-15T05:31:19.737310,Security,4624,SYSTEM,,0x00000000000003e7
2026-01-15T05:31:19.737316,Security,4672,SYSTEM,,0x00000000000003e7
2026-01-15T05:32:45.024666,Security,4624,SYSTEM,,0x00000000000003e7
2026-01-15T05:32:45.024672,Security,4672,SYSTEM,,0x00000000000003e7
2026-01-15T05:32:52.557487,Security,4624,SYSTEM,,0x00000000000003e7
2026-01-15T05:32:52.557493,Security,4672,SYSTEM,,0x00000000000003e7
2026-01-15T05:32:55.685780,Security,4624,SYSTEM,,0x00000000000003e7
2026-01-15T05:32:55.685787,Security,4672,SYSTEM,,0x00000000000003e7
2026-01-15T05:32:55.850697,Security,4624,SYSTEM,,0x00000000000003e7
2026-01-15T05:32:55.850704,Security,4672,SYSTEM,,0x00000000000003e7
2026-01-15T05:42:55.045338,Security,4624,SYSTEM,,0x00000000000003e7
2026-01-15T05:42:55.045343,Security,4672,SYSTEM,,0x00000000000003e7
2026-01-15T05:45:42.657646,Security,4624,SYSTEM,,0x00000000000003e7
2026-01-15T05:45:42.657652,Security,4672,SYSTEM,,0x00000000000003e7
2026-01-15T06:05:44.326307,Security,4624,SYSTEM,,0x00000000000003e7
2026-01-15T06:05:44.326368,Security,4672,SYSTEM,,0x00000000000003e7
2026-01-15T06:06:42.398462,Security,4624,SYSTEM,,0x00000000000003e7
2026-01-15T06:06:42.398472,Security,4672,SYSTEM,,0x00000000000003e7
2026-01-15T06:13:09.677052,Security,4624,SYSTEM,,0x00000000000003e7
2026-01-15T06:13:09.677057,Security,4672,SYSTEM,,0x00000000000003e7
2026-01-15T06:15:42.745916,Security,4624,SYSTEM,,0x00000000000003e7
2026-01-15T06:15:42.745922,Security,4672,SYSTEM,,0x00000000000003e7
2026-01-15T06:20:30.470074,Security,4624,SYSTEM,,0x00000000000003e7
2026-01-15T06:20:30.470079,Security,4672,SYSTEM,,0x00000000000003e7
2026-01-15T06:27:33.302948,Security,4624,SYSTEM,,0x00000000000003e7
2026-01-15T06:27:33.302954,Security,4672,SYSTEM,,0x00000000000003e7
2026-01-15T06:30:42.813725,Security,4624,SYSTEM,,0x00000000000003e7
2026-01-15T06:30:42.813728,Security,4672,SYSTEM,,0x00000000000003e7
2026-01-15T06:32:25.871082,Security,4624,SYSTEM,,0x00000000000003e7
2026-01-15T06:32:25.871090,Security,4672,SYSTEM,,0x00000000000003e7
2026-01-15T06:35:57.006039,Security,4624,SYSTEM,,0x00000000000003e7
2026-01-15T06:35:57.006044,Security,4672,SYSTEM,,0x00000000000003e7
2026-01-15T06:35:57.138399,Security,4624,SYSTEM,,0x00000000000003e7
2026-01-15T06:35:57.138405,Security,4672,SYSTEM,,0x00000000000003e7
2026-01-15T06:42:55.039066,Security,4624,SYSTEM,,0x00000000000003e7
2026-01-15T06:42:55.039072,Security,4672,SYSTEM,,0x00000000000003e7
2026-01-15T06:45:42.894037,Security,4624,SYSTEM,,0x00000000000003e7
2026-01-15T06:45:42.894045,Security,4672,SYSTEM,,0x00000000000003e7
2026-01-15T07:00:09.996397,Security,4624,SYSTEM,,0x00000000000003e7
2026-01-15T07:00:09.996405,Security,4672,SYSTEM,,0x00000000000003e7
2026-01-15T07:00:16.477293,Security,4624,SYSTEM,,0x00000000000003e7
2026-01-15T07:00:16.477299,Security,4672,SYSTEM,,0x00000000000003e7
2026-01-15T07:00:42.950043,Security,4624,SYSTEM,,0x00000000000003e7
2026-01-15T07:00:42.950048,Security,4672,SYSTEM,,0x00000000000003e7
2026-01-15T07:07:36.272646,Security,4624,SYSTEM,,0x00000000000003e7
2026-01-15T07:07:36.272652,Security,4672,SYSTEM,,0x00000000000003e7
2026-01-15T07:15:20.022543,Security,4624,SYSTEM,,0x00000000000003e7
2026-01-15T07:15:20.022551,Security,4672,SYSTEM,,0x00000000000003e7
2026-01-15T07:15:21.389032,Security,4624,SYSTEM,,0x00000000000003e7
2026-01-15T07:15:21.389038,Security,4672,SYSTEM,,0x00000000000003e7
2026-01-15T07:15:21.936857,Security,4624,SYSTEM,,0x00000000000003e7
2026-01-15T07:15:21.936861,Security,4672,SYSTEM,,0x00000000000003e7
2026-01-15T07:15:22.097139,Security,4624,SYSTEM,,0x00000000000003e7
2026-01-15T07:15:22.097145,Security,4672,SYSTEM,,0x00000000000003e7
2026-01-15T07:15:23.110842,Security,4624,SYSTEM,,0x00000000000003e7
2026-01-15T07:15:23.110846,Security,4672,SYSTEM,,0x00000000000003e7
2026-01-15T07:15:26.867386,Security,4624,SYSTEM,,0x00000000000003e7
2026-01-15T07:15:26.867393,Security,4672,SYSTEM,,0x00000000000003e7
2026-01-15T07:15:27.210464,Security,4624,SYSTEM,,0x00000000000003e7
2026-01-15T07:15:27.210470,Security,4672,SYSTEM,,0x00000000000003e7
2026-01-15T07:15:28.133312,Security,4624,SYSTEM,,0x00000000000003e7
2026-01-15T07:15:28.133318,Security,4672,SYSTEM,,0x00000000000003e7
2026-01-15T07:15:43.027735,Security,4624,SYSTEM,,0x00000000000003e7
2026-01-15T07:15:43.027740,Security,4672,SYSTEM,,0x00000000000003e7
2026-01-15T07:19:09.264568,Security,4624,SYSTEM,,0x00000000000003e7
2026-01-15T07:19:09.264578,Security,4672,SYSTEM,,0x00000000000003e7
2026-01-15T07:20:17.761608,Security,4624,SYSTEM,,0x00000000000003e7
2026-01-15T07:20:17.761612,Security,4672,SYSTEM,,0x00000000000003e7
2026-01-15T07:30:43.114164,Security,4624,SYSTEM,,0x00000000000003e7
2026-01-15T07:30:43.114170,Security,4672,SYSTEM,,0x00000000000003e7
2026-01-15T07:42:55.062685,Security,4624,SYSTEM,,0x00000000000003e7
2026-01-15T07:42:55.062693,Security,4672,SYSTEM,,0x00000000000003e7
2026-01-15T07:45:24.759981,Security,4624,SYSTEM,,0x00000000000003e7
2026-01-15T07:45:24.759989,Security,4672,SYSTEM,,0x00000000000003e7
2026-01-15T07:45:43.189350,Security,4624,SYSTEM,,0x00000000000003e7
2026-01-15T07:45:43.189356,Security,4672,SYSTEM,,0x00000000000003e7
2026-01-15T08:00:43.257755,Security,4624,SYSTEM,,0x00000000000003e7
2026-01-15T08:00:43.257761,Security,4672,SYSTEM,,0x00000000000003e7
2026-01-15T08:15:43.313589,Security,4624,SYSTEM,,0x00000000000003e7
2026-01-15T08:15:43.313597,Security,4672,SYSTEM,,0x00000000000003e7
2026-01-15T08:17:22.063360,Security,4624,SYSTEM,,0x00000000000003e7
2026-01-15T08:17:22.063364,Security,4672,SYSTEM,,0x00000000000003e7
2026-01-15T08:20:50.295027,Security,4624,SYSTEM,,0x00000000000003e7
2026-01-15T08:20:50.295033,Security,4672,SYSTEM,,0x00000000000003e7
2026-01-15T08:30:43.370455,Security,4624,SYSTEM,,0x00000000000003e7
2026-01-15T08:30:43.370462,Security,4672,SYSTEM,,0x00000000000003e7
2026-01-15T08:42:55.073557,Security,4624,SYSTEM,,0x00000000000003e7
2026-01-15T08:42:55.073563,Security,4672,SYSTEM,,0x00000000000003e7
2026-01-15T08:42:57.098217,Security,4624,SYSTEM,,0x00000000000003e7
2026-01-15T08:42:57.098223,Security,4672,SYSTEM,,0x00000000000003e7
2026-01-15T08:42:57.694323,Security,4624,SYSTEM,,0x00000000000003e7
2026-01-15T08:42:57.694328,Security,4672,SYSTEM,,0x00000000000003e7
2026-01-15T08:42:58.346741,Security,4624,SYSTEM,,0x00000000000003e7
2026-01-15T08:42:58.346746,Security,4672,SYSTEM,,0x00000000000003e7
2026-01-15T08:43:01.835110,Security,4624,SYSTEM,,0x00000000000003e7
2026-01-15T08:43:01.835115,Security,4672,SYSTEM,,0x00000000000003e7
2026-01-15T08:44:23.323416,Security,4624,SYSTEM,,0x00000000000003e7
2026-01-15T08:44:23.323421,Security,4672,SYSTEM,,0x00000000000003e7
2026-01-15T08:45:11.285444,Security,4624,SYSTEM,,0x00000000000003e7
2026-01-15T08:45:11.285448,Security,4672,SYSTEM,,0x00000000000003e7
2026-01-15T08:46:52.507505,Security,4624,SYSTEM,,0x00000000000003e7
2026-01-15T08:46:52.507511,Security,4672,SYSTEM,,0x00000000000003e7
2026-01-15T08:47:57.407507,Security,4624,SYSTEM,,0x00000000000003e7
2026-01-15T08:47:57.407545,Security,4672,SYSTEM,,0x00000000000003e7
2026-01-15T08:49:48.155632,Security,4624,SYSTEM,,0x00000000000003e7
2026-01-15T08:49:48.155638,Security,4672,SYSTEM,,0x00000000000003e7
2026-01-15T08:51:41.354698,Security,4624,SYSTEM,,0x00000000000003e7
2026-01-15T08:51:41.354706,Security,4672,SYSTEM,,0x00000000000003e7
2026-01-15T08:52:58.235445,Security,4624,SYSTEM,,0x00000000000003e7
2026-01-15T08:52:58.235451,Security,4672,SYSTEM,,0x00000000000003e7
2026-01-15T08:54:23.500145,Security,4624,SYSTEM,,0x00000000000003e7
2026-01-15T08:54:23.500151,Security,4672,SYSTEM,,0x00000000000003e7
2026-01-15T08:57:23.023630,Security,4624,SYSTEM,,0x00000000000003e7
2026-01-15T08:57:23.023636,Security,4672,SYSTEM,,0x00000000000003e7
2026-01-15T08:58:28.558231,Security,4624,SYSTEM,,0x00000000000003e7
2026-01-15T08:58:28.558237,Security,4672,SYSTEM,,0x00000000000003e7
2026-01-15T08:59:38.701775,Security,4624,SYSTEM,,0x00000000000003e7
2026-01-15T08:59:38.701778,Security,4672,SYSTEM,,0x00000000000003e7
2026-01-15T09:01:06.020069,Security,4624,SYSTEM,,0x00000000000003e7
2026-01-15T09:01:06.020075,Security,4672,SYSTEM,,0x00000000000003e7
2026-01-15T09:05:12.956160,Security,4624,SYSTEM,,0x00000000000003e7
2026-01-15T09:05:12.956165,Security,4672,SYSTEM,,0x00000000000003e7
2026-01-15T09:11:53.344423,Security,4624,SYSTEM,,0x00000000000003e7
2026-01-15T09:11:53.344429,Security,4672,SYSTEM,,0x00000000000003e7
2026-01-15T09:11:54.142128,Security,4624,SYSTEM,,0x00000000000003e7
2026-01-15T09:11:54.142134,Security,4672,SYSTEM,,0x00000000000003e7
2026-01-15T09:11:54.806610,Security,4624,SYSTEM,,0x00000000000003e7
2026-01-15T09:11:54.806618,Security,4672,SYSTEM,,0x00000000000003e7
2026-01-15T09:13:16.459221,Security,4624,SYSTEM,,0x00000000000003e7
2026-01-15T09:13:16.459229,Security,4672,SYSTEM,,0x00000000000003e7
2026-01-15T09:14:21.421967,Security,4624,SYSTEM,,0x00000000000003e7
2026-01-15T09:14:21.421972,Security,4672,SYSTEM,,0x00000000000003e7
2026-01-15T09:15:31.239540,Security,4624,SYSTEM,,0x00000000000003e7
2026-01-15T09:15:31.239546,Security,4672,SYSTEM,,0x00000000000003e7
2026-01-15T09:21:00.704445,Security,4624,SYSTEM,,0x00000000000003e7
2026-01-15T09:21:00.704451,Security,4672,SYSTEM,,0x00000000000003e7
2026-01-15T09:30:23.748800,Security,4624,SYSTEM,,0x00000000000003e7
2026-01-15T09:30:23.748810,Security,4672,SYSTEM,,0x00000000000003e7
2026-01-15T09:30:23.893217,Security,4624,SYSTEM,,0x00000000000003e7
2026-01-15T09:30:23.893223,Security,4672,SYSTEM,,0x00000000000003e7
2026-01-15T09:34:25.531548,Security,4624,SYSTEM,,0x00000000000003e7
2026-01-15T09:34:25.531553,Security,4672,SYSTEM,,0x00000000000003e7
2026-01-15T09:35:56.849979,Security,4624,SYSTEM,,0x00000000000003e7
2026-01-15T09:35:56.849989,Security,4672,SYSTEM,,0x00000000000003e7
2026-01-15T09:36:00.968168,Security,4624,SYSTEM,,0x00000000000003e7
2026-01-15T09:36:00.968176,Security,4672,SYSTEM,,0x00000000000003e7
2026-01-15T09:36:06.934605,Security,4624,SYSTEM,,0x00000000000003e7
2026-01-15T09:36:06.934610,Security,4672,SYSTEM,,0x00000000000003e7
2026-01-15T09:40:24.562256,Security,4624,SYSTEM,,0x00000000000003e7
2026-01-15T09:40:24.562298,Security,4672,SYSTEM,,0x00000000000003e7
2026-01-15T09:40:24.692974,Security,4624,SYSTEM,,0x00000000000003e7
2026-01-15T09:40:24.692982,Security,4672,SYSTEM,,0x00000000000003e7
2026-01-15T09:40:24.805737,Security,4624,SYSTEM,,0x00000000000003e7
2026-01-15T09:40:24.805742,Security,4672,SYSTEM,,0x00000000000003e7
2026-01-15T09:40:29.318464,Security,4624,SYSTEM,,0x00000000000003e7
2026-01-15T09:40:29.318470,Security,4672,SYSTEM,,0x00000000000003e7
2026-01-15T09:42:47.706182,Security,4624,SYSTEM,,0x00000000000003e7
2026-01-15T09:42:47.706219,Security,4672,SYSTEM,,0x00000000000003e7
2026-01-15T09:42:48.877064,Security,4624,SYSTEM,,0x00000000000003e7
2026-01-15T09:42:48.877069,Security,4672,SYSTEM,,0x00000000000003e7
2026-01-15T09:42:56.269571,LSM,23,Michael\Michael Lee,,
2026-01-15T09:42:56.338371,Security,4624,SYSTEM,,0x00000000000003e7
2026-01-15T09:42:56.338377,Security,4672,SYSTEM,,0x00000000000003e7
